date,ticker,actual,predicted,prob_up
2025-06-20,AAPL,1,1,0.6378997
2025-06-20,AMZN,0,1,0.85010296
2025-06-20,BA,1,1,0.57460445
2025-06-20,BAC,1,1,0.5052303
2025-06-20,CAT,1,1,0.6099944
2025-06-20,CVX,1,1,0.6350501
2025-06-20,GOOGL,0,1,0.77352446
2025-06-20,GS,1,0,0.26768437
2025-06-20,JNJ,0,0,0.2140567
2025-06-20,JPM,1,1,0.546902
2025-06-20,KO,0,1,0.7945529
2025-06-20,META,0,1,0.7486226
2025-06-20,MSFT,0,1,0.7857434
2025-06-20,NVDA,0,0,0.35705194
2025-06-20,PFE,1,1,0.64910966
2025-06-20,TSLA,1,1,0.55792284
2025-06-20,UNH,0,1,0.56601864
2025-06-20,WMT,1,1,0.59579957
2025-06-20,XOM,1,1,0.6520278
2025-06-23,AAPL,1,1,0.71865517
2025-06-23,AMZN,0,1,0.9179256
2025-06-23,BA,1,1,0.57066053
2025-06-23,BAC,1,0,0.42410737
2025-06-23,CAT,1,1,0.73410946
2025-06-23,CVX,0,1,0.6702415
2025-06-23,GOOGL,0,1,0.87505096
2025-06-23,GS,1,1,0.7264334
2025-06-23,JNJ,1,1,0.7959183
2025-06-23,JPM,1,1,0.6573013
2025-06-23,KO,1,0,0.26088092
2025-06-23,META,1,0,0.41536522
2025-06-23,MSFT,1,1,0.62452304
2025-06-23,NVDA,1,0,0.34386784
2025-06-23,PFE,1,0,0.44635308
2025-06-23,TSLA,1,1,0.91903836
2025-06-23,UNH,0,1,0.8134762
2025-06-23,WMT,1,1,0.9041902
2025-06-23,XOM,0,0,0.2934802
2025-06-24,AAPL,0,1,0.70458376
2025-06-24,AMZN,1,1,0.7761476
2025-06-24,BA,0,0,0.29759803
2025-06-24,BAC,1,1,0.62075263
2025-06-24,CAT,1,0,0.27685186
2025-06-24,CVX,0,1,0.84045416
2025-06-24,GOOGL,1,1,0.6833055
2025-06-24,GS,1,1,0.60365766
2025-06-24,JNJ,1,0,0.232386
2025-06-24,JPM,1,0,0.39872667
2025-06-24,KO,1,0,0.073081486
2025-06-24,META,1,1,0.50035906
2025-06-24,MSFT,1,0,0.3063456
2025-06-24,NVDA,1,0,0.47195545
2025-06-24,PFE,1,1,0.885909
2025-06-24,TSLA,0,1,0.79874665
2025-06-24,UNH,1,1,0.60821605
2025-06-24,WMT,1,1,0.6516591
2025-06-24,XOM,0,1,0.8566825
2025-06-25,AAPL,1,1,0.5986877
2025-06-25,AMZN,0,1,0.83269435
2025-06-25,BA,0,1,0.81710726
2025-06-25,BAC,1,1,0.7959669
2025-06-25,CAT,0,1,0.8067796
2025-06-25,CVX,0,1,0.95002127
2025-06-25,GOOGL,1,1,0.8171872
2025-06-25,GS,1,1,0.5958412
2025-06-25,JNJ,1,1,0.8615412
2025-06-25,JPM,1,1,0.8810626
2025-06-25,KO,0,1,0.6483378
2025-06-25,META,0,0,0.47162154
2025-06-25,MSFT,1,0,0.34567258
2025-06-25,NVDA,1,0,0.33460137
2025-06-25,PFE,0,1,0.80502146
2025-06-25,TSLA,0,1,0.8137773
2025-06-25,UNH,0,1,0.7116509
2025-06-25,WMT,0,0,0.4453577
2025-06-25,XOM,1,1,0.5867039
2025-06-26,AAPL,0,0,0.4069691
2025-06-26,AMZN,1,1,0.6677085
2025-06-26,BA,1,1,0.8327845
2025-06-26,BAC,1,0,0.15584938
2025-06-26,CAT,1,1,0.873625
2025-06-26,CVX,1,1,0.83323747
2025-06-26,GOOGL,1,1,0.8589573
2025-06-26,GS,1,0,0.30370346
2025-06-26,JNJ,0,1,0.7714038
2025-06-26,JPM,1,0,0.21125996
2025-06-26,KO,0,1,0.7061674
2025-06-26,META,1,1,0.7215127
2025-06-26,MSFT,1,1,0.7933619
2025-06-26,NVDA,1,1,0.74709344
2025-06-26,PFE,0,0,0.19648282
2025-06-26,TSLA,0,0,0.38030326
2025-06-26,UNH,1,1,0.6835975
2025-06-26,WMT,0,1,0.78712726
2025-06-26,XOM,1,1,0.7202032
2025-06-27,AAPL,1,0,0.47215542
2025-06-27,AMZN,1,1,0.9022569
2025-06-27,BA,1,1,0.6665601
2025-06-27,BAC,0,0,0.47682387
2025-06-27,CAT,1,1,0.91256624
2025-06-27,CVX,0,1,0.9223195
2025-06-27,GOOGL,1,1,0.8964183
2025-06-27,GS,1,0,0.41683295
2025-06-27,JNJ,1,0,0.426583
2025-06-27,JPM,0,1,0.8333406
2025-06-27,KO,1,1,0.59190404
2025-06-27,META,1,0,0.4093449
2025-06-27,MSFT,0,1,0.9560565
2025-06-27,NVDA,1,1,0.7184735
2025-06-27,PFE,0,1,0.68099153
2025-06-27,TSLA,0,1,0.671087
2025-06-27,UNH,1,1,0.67190385
2025-06-27,WMT,1,0,0.47280583
2025-06-27,XOM,0,1,0.507267
2025-06-30,AAPL,1,1,0.7635081
2025-06-30,AMZN,0,1,0.86959225
2025-06-30,BA,0,1,0.5908277
2025-06-30,BAC,1,1,0.8182548
2025-06-30,CAT,1,1,0.9378023
2025-06-30,CVX,0,1,0.84836125
2025-06-30,GOOGL,0,1,0.6161114
2025-06-30,GS,1,1,0.92774284
2025-06-30,JNJ,1,1,0.71114236
2025-06-30,JPM,1,1,0.9220943
2025-06-30,KO,1,1,0.62728405
2025-06-30,META,1,1,0.7090983
2025-06-30,MSFT,1,1,0.90046716
2025-06-30,NVDA,1,1,0.6156387
2025-06-30,PFE,1,1,0.568962
2025-06-30,TSLA,0,0,0.38513598
2025-06-30,UNH,1,1,0.81452465
2025-06-30,WMT,1,1,0.7351806
2025-06-30,XOM,0,1,0.95950395
2025-07-01,AAPL,1,1,0.584875
2025-07-01,AMZN,1,0,0.37502095
2025-07-01,BA,1,1,0.7059298
2025-07-01,BAC,1,1,0.7320457
2025-07-01,CAT,1,1,0.8213689
2025-07-01,CVX,1,1,0.54341376
2025-07-01,GOOGL,0,0,0.21418849
2025-07-01,GS,0,1,0.8870117
2025-07-01,JNJ,1,1,0.683911
2025-07-01,JPM,1,1,0.91955155
2025-07-01,KO,1,0,0.4600142
2025-07-01,META,0,1,0.5833563
2025-07-01,MSFT,0,1,0.8133001
2025-07-01,NVDA,0,1,0.89546704
2025-07-01,PFE,1,1,0.5912475
2025-07-01,TSLA,0,1,0.7376964
2025-07-01,UNH,1,1,0.8662135
2025-07-01,WMT,1,1,0.7563593
2025-07-01,XOM,1,0,0.3850009
2025-07-02,AAPL,1,1,0.64485687
2025-07-02,AMZN,0,0,0.3710716
2025-07-02,BA,1,1,0.8865081
2025-07-02,BAC,1,0,0.482854
2025-07-02,CAT,1,1,0.7746265
2025-07-02,CVX,1,1,0.8689983
2025-07-02,GOOGL,1,0,0.4694747
2025-07-02,GS,1,0,0.23429202
2025-07-02,JNJ,0,1,0.6287073
2025-07-02,JPM,1,1,0.51347977
2025-07-02,KO,0,1,0.53339636
2025-07-02,META,0,1,0.5011995
2025-07-02,MSFT,0,1,0.7891696
2025-07-02,NVDA,1,1,0.87228495
2025-07-02,PFE,1,1,0.63164383
2025-07-02,TSLA,1,0,0.31518367
2025-07-02,UNH,0,1,0.9264384
2025-07-02,WMT,0,0,0.12805012
2025-07-02,XOM,1,1,0.8829242
2025-07-03,AAPL,1,1,0.775429
2025-07-03,AMZN,1,1,0.95585537
2025-07-03,BA,1,1,0.5468189
2025-07-03,BAC,1,1,0.5962602
2025-07-03,CAT,0,0,0.44646063
2025-07-03,CVX,1,1,0.6608872
2025-07-03,GOOGL,1,0,0.3493217
2025-07-03,GS,1,1,0.55066353
2025-07-03,JNJ,1,0,0.3403472
2025-07-03,JPM,1,1,0.683817
2025-07-03,KO,1,0,0.27441305
2025-07-03,META,1,1,0.8375135
2025-07-03,MSFT,1,1,0.9123353
2025-07-03,NVDA,1,0,0.411941
2025-07-03,PFE,1,1,0.83367723
2025-07-03,TSLA,0,1,0.8685215
2025-07-03,UNH,1,0,0.3619743
2025-07-03,WMT,1,0,0.12716843
2025-07-03,XOM,1,1,0.8040908
2025-07-07,AAPL,0,1,0.6675202
2025-07-07,AMZN,1,1,0.82124984
2025-07-07,BA,1,1,0.7662227
2025-07-07,BAC,0,1,0.8589924
2025-07-07,CAT,0,1,0.9196697
2025-07-07,CVX,0,1,0.85732806
2025-07-07,GOOGL,0,1,0.72321534
2025-07-07,GS,0,0,0.33811575
2025-07-07,JNJ,0,1,0.8755681
2025-07-07,JPM,0,1,0.8082039
2025-07-07,KO,0,1,0.7639461
2025-07-07,META,0,1,0.5219163
2025-07-07,MSFT,0,1,0.67820615
2025-07-07,NVDA,0,0,0.46298507
2025-07-07,PFE,0,1,0.7389878
2025-07-07,TSLA,0,1,0.7623237
2025-07-07,UNH,0,1,0.89830273
2025-07-07,WMT,1,1,0.74876875
2025-07-07,XOM,0,1,0.81304187
2025-07-08,AAPL,1,0,0.21206047
2025-07-08,AMZN,0,0,0.22168584
2025-07-08,BA,0,0,0.31106937
2025-07-08,BAC,0,0,0.3091494
2025-07-08,CAT,1,0,0.43113247
2025-07-08,CVX,1,1,0.53269947
2025-07-08,GOOGL,0,0,0.102888346
2025-07-08,GS,0,0,0.33020258
2025-07-08,JNJ,1,1,0.6933226
2025-07-08,JPM,0,1,0.6188581
2025-07-08,KO,0,1,0.8643608
2025-07-08,META,1,0,0.4783284
2025-07-08,MSFT,0,1,0.772065
2025-07-08,NVDA,1,0,0.3290395
2025-07-08,PFE,1,0,0.48297748
2025-07-08,TSLA,1,0,0.49741286
2025-07-08,UNH,1,0,0.49876288
2025-07-08,WMT,0,1,0.5334863
2025-07-08,XOM,1,0,0.2128943
2025-07-09,AAPL,1,1,0.75264865
2025-07-09,AMZN,1,1,0.8218308
2025-07-09,BA,1,1,0.94784206
2025-07-09,BAC,0,1,0.51294875
2025-07-09,CAT,1,1,0.7262256
2025-07-09,CVX,0,1,0.6942895
2025-07-09,GOOGL,1,1,0.71998394
2025-07-09,GS,0,1,0.6441285
2025-07-09,JNJ,1,1,0.61772954
2025-07-09,JPM,1,1,0.5170541
2025-07-09,KO,0,1,0.56846845
2025-07-09,META,1,1,0.83549935
2025-07-09,MSFT,1,1,0.872613
2025-07-09,NVDA,1,1,0.8735189
2025-07-09,PFE,0,1,0.78526443
2025-07-09,TSLA,0,1,0.72049725
2025-07-09,UNH,0,1,0.88361895
2025-07-09,WMT,0,0,0.3634613
2025-07-09,XOM,0,1,0.91332877
2025-07-10,AAPL,1,1,0.80867684
2025-07-10,AMZN,0,1,0.78802043
2025-07-10,BA,0,1,0.6652867
2025-07-10,BAC,1,0,0.30308592
2025-07-10,CAT,1,1,0.5019296
2025-07-10,CVX,1,0,0.48622409
2025-07-10,GOOGL,1,0,0.2433081
2025-07-10,GS,1,0,0.10238895
2025-07-10,JNJ,1,1,0.63012326
2025-07-10,JPM,1,0,0.2404052
2025-07-10,KO,1,1,0.55281353
2025-07-10,META,0,1,0.6766168
2025-07-10,MSFT,0,1,0.5293626
2025-07-10,NVDA,1,1,0.55442166
2025-07-10,PFE,1,1,0.5546711
2025-07-10,TSLA,1,0,0.32317102
2025-07-10,UNH,0,0,0.47286537
2025-07-10,WMT,0,1,0.7764853
2025-07-10,XOM,1,1,0.649608
2025-07-11,AAPL,0,1,0.9005387
2025-07-11,AMZN,1,1,0.9161759
2025-07-11,BA,1,0,0.44661382
2025-07-11,BAC,0,1,0.8818487
2025-07-11,CAT,0,1,0.7310797
2025-07-11,CVX,1,1,0.83890206
2025-07-11,GOOGL,1,1,0.7740149
2025-07-11,GS,0,1,0.7557155
2025-07-11,JNJ,0,1,0.68921477
2025-07-11,JPM,0,0,0.48026478
2025-07-11,KO,1,1,0.8121697
2025-07-11,META,0,1,0.9112074
2025-07-11,MSFT,1,1,0.6723656
2025-07-11,NVDA,1,1,0.7026318
2025-07-11,PFE,0,1,0.82547677
2025-07-11,TSLA,1,1,0.50623363
2025-07-11,UNH,1,0,0.47099832
2025-07-11,WMT,0,1,0.55695003
2025-07-11,XOM,1,1,0.8579616
2025-07-14,AAPL,0,1,0.80653906
2025-07-14,AMZN,1,1,0.79806894
2025-07-14,BA,1,1,0.90770143
2025-07-14,BAC,1,1,0.8709281
2025-07-14,CAT,0,1,0.77501047
2025-07-14,CVX,0,1,0.7610674
2025-07-14,GOOGL,1,0,0.12842408
2025-07-14,GS,1,1,0.76201636
2025-07-14,JNJ,0,0,0.3801614
2025-07-14,JPM,1,1,0.878138
2025-07-14,KO,0,1,0.7337975
2025-07-14,META,1,1,0.73157007
2025-07-14,MSFT,0,1,0.89488095
2025-07-14,NVDA,0,1,0.8402255
2025-07-14,PFE,0,0,0.33581194
2025-07-14,TSLA,1,0,0.38921046
2025-07-14,UNH,0,1,0.77635866
2025-07-14,WMT,1,1,0.6495743
2025-07-14,XOM,0,0,0.3695151
2025-07-15,AAPL,1,1,0.59148204
2025-07-15,AMZN,1,1,0.6900731
2025-07-15,BA,0,1,0.8155401
2025-07-15,BAC,0,1,0.6390223
2025-07-15,CAT,0,1,0.55198455
2025-07-15,CVX,0,1,0.56614983
2025-07-15,GOOGL,1,1,0.6655485
2025-07-15,GS,0,1,0.5171984
2025-07-15,JNJ,0,0,0.24663816
2025-07-15,JPM,0,1,0.635574
2025-07-15,KO,0,0,0.1474568
2025-07-15,META,0,1,0.7923399
2025-07-15,MSFT,1,1,0.75655156
2025-07-15,NVDA,1,1,0.72557485
2025-07-15,PFE,0,0,0.27536944
2025-07-15,TSLA,0,1,0.7592847
2025-07-15,UNH,0,1,0.60727143
2025-07-15,WMT,0,0,0.3238418
2025-07-15,XOM,0,1,0.788074
2025-07-16,AAPL,1,1,0.763379
2025-07-16,AMZN,0,1,0.695385
2025-07-16,BA,0,1,0.67122054
2025-07-16,BAC,0,1,0.7095094
2025-07-16,CAT,1,1,0.6253942
2025-07-16,CVX,0,1,0.74365443
2025-07-16,GOOGL,1,0,0.4321627
2025-07-16,GS,1,1,0.56802815
2025-07-16,JNJ,1,0,0.34405446
2025-07-16,JPM,0,1,0.8904689
2025-07-16,KO,0,0,0.16606678
2025-07-16,META,0,1,0.7792215
2025-07-16,MSFT,0,1,0.95880437
2025-07-16,NVDA,1,1,0.82378495
2025-07-16,PFE,1,1,0.7990854
2025-07-16,TSLA,1,1,0.7757325
2025-07-16,UNH,1,1,0.6464495
2025-07-16,WMT,0,0,0.42314672
2025-07-16,XOM,0,0,0.38929096
2025-07-17,AAPL,0,1,0.8940855
2025-07-17,AMZN,1,1,0.6248451
2025-07-17,BA,1,1,0.74752265
2025-07-17,BAC,1,1,0.9180363
2025-07-17,CAT,1,1,0.8143428
2025-07-17,CVX,1,1,0.7324004
2025-07-17,GOOGL,1,1,0.7120171
2025-07-17,GS,0,1,0.55286366
2025-07-17,JNJ,0,1,0.90497845
2025-07-17,JPM,1,1,0.6633108
2025-07-17,KO,1,1,0.671622
2025-07-17,META,0,1,0.6542867
2025-07-17,MSFT,1,1,0.6902236
2025-07-17,NVDA,1,1,0.5897054
2025-07-17,PFE,0,1,0.75305146
2025-07-17,TSLA,0,0,0.3748288
2025-07-17,UNH,0,0,0.37039322
2025-07-17,WMT,0,0,0.43337005
2025-07-17,XOM,0,1,0.61924475
2025-07-18,AAPL,1,1,0.5627332
2025-07-18,AMZN,1,1,0.73499364
2025-07-18,BA,0,1,0.80038315
2025-07-18,BAC,1,0,0.45426774
2025-07-18,CAT,0,1,0.5309865
2025-07-18,CVX,0,0,0.19937983
2025-07-18,GOOGL,1,1,0.5854146
2025-07-18,GS,1,1,0.8732234
2025-07-18,JNJ,1,1,0.9401168
2025-07-18,JPM,1,1,0.7700219
2025-07-18,KO,0,1,0.87949467
2025-07-18,META,1,0,0.40438524
2025-07-18,MSFT,0,1,0.5216202
2025-07-18,NVDA,0,1,0.8153701
2025-07-18,PFE,0,1,0.6828174
2025-07-18,TSLA,1,1,0.53286475
2025-07-18,UNH,0,1,0.92495835
2025-07-18,WMT,0,1,0.54065865
2025-07-18,XOM,0,1,0.67436606
2025-07-21,AAPL,1,0,0.30343896
2025-07-21,AMZN,1,1,0.7716321
2025-07-21,BA,0,1,0.86276627
2025-07-21,BAC,1,1,0.9061667
2025-07-21,CAT,0,1,0.9094578
2025-07-21,CVX,0,0,0.2974489
2025-07-21,GOOGL,1,1,0.69645983
2025-07-21,GS,0,1,0.57706076
2025-07-21,JNJ,1,1,0.7674787
2025-07-21,JPM,0,1,0.7993092
2025-07-21,KO,1,0,0.45001322
2025-07-21,META,1,1,0.8485465
2025-07-21,MSFT,1,1,0.8884667
2025-07-21,NVDA,0,1,0.8510004
2025-07-21,PFE,0,1,0.57665235
2025-07-21,TSLA,0,0,0.36996523
2025-07-21,UNH,0,1,0.7855859
2025-07-21,WMT,1,1,0.8392985
2025-07-21,XOM,1,0,0.36350122
2025-07-22,AAPL,1,1,0.7218068
2025-07-22,AMZN,0,1,0.8572756
2025-07-22,BA,0,0,0.33540365
2025-07-22,BAC,1,1,0.5487291
2025-07-22,CAT,1,1,0.63205445
2025-07-22,CVX,1,1,0.8008327
2025-07-22,GOOGL,1,1,0.96647316
2025-07-22,GS,0,1,0.854786
2025-07-22,JNJ,1,1,0.93930775
2025-07-22,JPM,1,1,0.86674
2025-07-22,KO,0,1,0.80852073
2025-07-22,META,0,1,0.92521775
2025-07-22,MSFT,0,1,0.9151265
2025-07-22,NVDA,0,1,0.67817223
2025-07-22,PFE,1,1,0.87275547
2025-07-22,TSLA,1,1,0.8922336
2025-07-22,UNH,1,1,0.6677965
2025-07-22,WMT,1,1,0.58849436
2025-07-22,XOM,1,1,0.73913807
2025-07-23,AAPL,0,1,0.8591393
2025-07-23,AMZN,1,1,0.91299605
2025-07-23,BA,1,1,0.6391014
2025-07-23,BAC,1,1,0.71655947
2025-07-23,CAT,1,1,0.8020493
2025-07-23,CVX,1,1,0.75849193
2025-07-23,GOOGL,0,1,0.6431141
2025-07-23,GS,1,1,0.78398776
2025-07-23,JNJ,1,1,0.8628105
2025-07-23,JPM,1,1,0.9095445
2025-07-23,KO,0,0,0.30435964
2025-07-23,META,1,1,0.5516868
2025-07-23,MSFT,1,1,0.884365
2025-07-23,NVDA,1,1,0.8760955
2025-07-23,PFE,1,1,0.8792713
2025-07-23,TSLA,1,1,0.6336475
2025-07-23,UNH,1,0,0.2736255
2025-07-23,WMT,0,1,0.72097975
2025-07-23,XOM,1,1,0.5435433
2025-07-24,AAPL,0,1,0.5637094
2025-07-24,AMZN,1,1,0.8821406
2025-07-24,BA,0,1,0.6222444
2025-07-24,BAC,1,1,0.7553606
2025-07-24,CAT,1,1,0.7850577
2025-07-24,CVX,1,1,0.590629
2025-07-24,GOOGL,1,1,0.7718284
2025-07-24,GS,1,1,0.51638925
2025-07-24,JNJ,1,1,0.7737517
2025-07-24,JPM,0,1,0.709474
2025-07-24,KO,0,0,0.42900738
2025-07-24,META,1,0,0.45426035
2025-07-24,MSFT,1,1,0.93988216
2025-07-24,NVDA,1,1,0.5554145
2025-07-24,PFE,0,1,0.76973313
2025-07-24,TSLA,0,1,0.8302268
2025-07-24,UNH,0,1,0.7776427
2025-07-24,WMT,1,1,0.8081814
2025-07-24,XOM,1,1,0.80221105
2025-07-25,AAPL,1,1,0.68256354
2025-07-25,AMZN,0,1,0.9318725
2025-07-25,BA,1,1,0.8494495
2025-07-25,BAC,1,1,0.83626497
2025-07-25,CAT,1,1,0.7649066
2025-07-25,CVX,0,0,0.17615287
2025-07-25,GOOGL,1,1,0.86917305
2025-07-25,GS,1,1,0.8457518
2025-07-25,JNJ,0,1,0.9614598
2025-07-25,JPM,1,1,0.60606617
2025-07-25,KO,1,0,0.35377207
2025-07-25,META,0,1,0.91110295
2025-07-25,MSFT,1,1,0.81021476
2025-07-25,NVDA,0,1,0.65292645
2025-07-25,PFE,0,1,0.69509625
2025-07-25,TSLA,1,1,0.7395567
2025-07-25,UNH,1,1,0.9159013
2025-07-25,WMT,1,0,0.30140197
2025-07-25,XOM,0,1,0.70492333
2025-07-28,AAPL,1,1,0.9120139
2025-07-28,AMZN,1,1,0.7585372
2025-07-28,BA,1,1,0.6182672
2025-07-28,BAC,0,0,0.32827944
2025-07-28,CAT,0,1,0.8790921
2025-07-28,CVX,1,0,0.42013627
2025-07-28,GOOGL,0,1,0.76461565
2025-07-28,GS,0,1,0.6397235
2025-07-28,JNJ,0,1,0.7484532
2025-07-28,JPM,0,1,0.8084664
2025-07-28,KO,0,1,0.6904818
2025-07-28,META,1,1,0.7755011
2025-07-28,MSFT,0,1,0.93978053
2025-07-28,NVDA,1,1,0.859268
2025-07-28,PFE,0,1,0.86826986
2025-07-28,TSLA,1,0,0.18521982
2025-07-28,UNH,1,1,0.88456917
2025-07-28,WMT,1,1,0.57109773
2025-07-28,XOM,1,1,0.84679097
2025-07-29,AAPL,0,1,0.9379937
2025-07-29,AMZN,0,1,0.5439638
2025-07-29,BA,0,1,0.73278403
2025-07-29,BAC,0,1,0.8017613
2025-07-29,CAT,0,1,0.52677816
2025-07-29,CVX,1,1,0.8614908
2025-07-29,GOOGL,1,0,0.4970813
2025-07-29,GS,1,1,0.87244684
2025-07-29,JNJ,1,1,0.6368457
2025-07-29,JPM,0,1,0.5827555
2025-07-29,KO,1,0,0.47821465
2025-07-29,META,0,0,0.49716502
2025-07-29,MSFT,1,1,0.91316813
2025-07-29,NVDA,0,1,0.70642346
2025-07-29,PFE,0,1,0.8301906
2025-07-29,TSLA,0,1,0.5375256
2025-07-29,UNH,0,1,0.8378555
2025-07-29,WMT,1,0,0.12152198
2025-07-29,XOM,1,1,0.8640601
2025-07-30,AAPL,0,0,0.3991971
2025-07-30,AMZN,0,1,0.8359795
2025-07-30,BA,0,1,0.53028256
2025-07-30,BAC,1,1,0.8749978
2025-07-30,CAT,1,1,0.7361235
2025-07-30,CVX,0,1,0.8042654
2025-07-30,GOOGL,1,0,0.213882
2025-07-30,GS,0,1,0.8004366
2025-07-30,JNJ,0,1,0.74255013
2025-07-30,JPM,1,1,0.5928556
2025-07-30,KO,0,1,0.7247238
2025-07-30,META,0,1,0.61454797
2025-07-30,MSFT,1,1,0.9541123
2025-07-30,NVDA,1,1,0.87151396
2025-07-30,PFE,0,0,0.48405293
2025-07-30,TSLA,0,1,0.78759474
2025-07-30,UNH,1,1,0.6808733
2025-07-30,WMT,0,0,0.41323233
2025-07-30,XOM,0,1,0.8909412
2025-07-31,AAPL,0,1,0.7271301
2025-07-31,AMZN,1,1,0.9368909
2025-07-31,BA,0,0,0.22884645
2025-07-31,BAC,0,1,0.9244708
2025-07-31,CAT,1,0,0.42780674
2025-07-31,CVX,0,1,0.5869498
2025-07-31,GOOGL,0,1,0.6494569
2025-07-31,GS,0,1,0.86672956
2025-07-31,JNJ,0,1,0.7551386
2025-07-31,JPM,0,1,0.78531104
2025-07-31,KO,0,1,0.7704765
2025-07-31,META,1,1,0.9496101
2025-07-31,MSFT,1,1,0.82874113
2025-07-31,NVDA,0,1,0.8546432
2025-07-31,PFE,0,0,0.13956219
2025-07-31,TSLA,0,1,0.76731443
2025-07-31,UNH,0,1,0.8918009
2025-07-31,WMT,1,1,0.9220512
2025-07-31,XOM,0,1,0.72804165
2025-08-01,AAPL,0,1,0.6564154
2025-08-01,AMZN,0,1,0.59083074
2025-08-01,BA,1,1,0.53742343
2025-08-01,BAC,0,1,0.5140228
2025-08-01,CAT,0,0,0.45978257
2025-08-01,CVX,0,1,0.57183343
2025-08-01,GOOGL,0,1,0.85769033
2025-08-01,GS,0,0,0.27147457
2025-08-01,JNJ,1,0,0.28246677
2025-08-01,JPM,0,1,0.8109926
2025-08-01,KO,1,1,0.80874497
2025-08-01,META,0,1,0.72197765
2025-08-01,MSFT,0,1,0.5421183
2025-08-01,NVDA,0,1,0.7369358
2025-08-01,PFE,1,1,0.7998885
2025-08-01,TSLA,0,1,0.6474376
2025-08-01,UNH,0,1,0.6380697
2025-08-01,WMT,1,1,0.7467648
2025-08-01,XOM,0,0,0.40734777
2025-08-04,AAPL,1,1,0.5079936
2025-08-04,AMZN,0,1,0.6827104
2025-08-04,BA,1,1,0.9185321
2025-08-04,BAC,1,0,0.47974235
2025-08-04,CAT,1,0,0.1777556
2025-08-04,CVX,0,0,0.4539643
2025-08-04,GOOGL,1,1,0.8116598
2025-08-04,GS,1,1,0.78745127
2025-08-04,JNJ,1,0,0.448758
2025-08-04,JPM,1,0,0.49026296
2025-08-04,KO,1,0,0.37508178
2025-08-04,META,1,1,0.71255547
2025-08-04,MSFT,1,1,0.72572845
2025-08-04,NVDA,1,1,0.88736457
2025-08-04,PFE,1,1,0.72298527
2025-08-04,TSLA,1,1,0.695346
2025-08-04,UNH,1,1,0.63545746
2025-08-04,WMT,1,1,0.72810495
2025-08-04,XOM,0,1,0.6683465
2025-08-05,AAPL,0,1,0.84071475
2025-08-05,AMZN,1,1,0.84448105
2025-08-05,BA,1,0,0.4775904
2025-08-05,BAC,0,1,0.55731314
2025-08-05,CAT,1,1,0.87700874
2025-08-05,CVX,1,0,0.16375111
2025-08-05,GOOGL,0,1,0.7685814
2025-08-05,GS,0,1,0.52878654
2025-08-05,JNJ,0,1,0.612769
2025-08-05,JPM,0,0,0.3268955
2025-08-05,KO,1,0,0.21831265
2025-08-05,META,0,1,0.6608632
2025-08-05,MSFT,0,1,0.5956139
2025-08-05,NVDA,0,1,0.71910673
2025-08-05,PFE,1,1,0.7926774
2025-08-05,TSLA,0,0,0.31582946
2025-08-05,UNH,1,0,0.4439099
2025-08-05,WMT,0,1,0.63828915
2025-08-05,XOM,0,0,0.4777984
2025-08-06,AAPL,1,1,0.9580353
2025-08-06,AMZN,1,1,0.68410105
2025-08-06,BA,1,1,0.65574604
2025-08-06,BAC,0,0,0.35377595
2025-08-06,CAT,0,1,0.8969872
2025-08-06,CVX,0,1,0.77886415
2025-08-06,GOOGL,1,1,0.86764395
2025-08-06,GS,1,1,0.7266545
2025-08-06,JNJ,0,1,0.56778854
2025-08-06,JPM,0,1,0.6919459
2025-08-06,KO,1,0,0.22656238
2025-08-06,META,1,1,0.5454168
2025-08-06,MSFT,0,1,0.6232784
2025-08-06,NVDA,1,1,0.7573365
2025-08-06,PFE,0,0,0.36883333
2025-08-06,TSLA,1,1,0.57308733
2025-08-06,UNH,0,1,0.797979
2025-08-06,WMT,1,1,0.89081
2025-08-06,XOM,0,1,0.81457824
2025-08-07,AAPL,1,1,0.8573418
2025-08-07,AMZN,1,0,0.48061818
2025-08-07,BA,1,1,0.8830101
2025-08-07,BAC,0,1,0.9144822
2025-08-07,CAT,0,1,0.79891765
2025-08-07,CVX,1,1,0.6864651
2025-08-07,GOOGL,1,1,0.5078297
2025-08-07,GS,0,1,0.7957218
2025-08-07,JNJ,1,0,0.3758811
2025-08-07,JPM,0,1,0.86740124
2025-08-07,KO,1,0,0.43637475
2025-08-07,META,0,1,0.54874074
2025-08-07,MSFT,0,1,0.6738501
2025-08-07,NVDA,1,1,0.69474113
2025-08-07,PFE,1,1,0.69704974
2025-08-07,TSLA,1,1,0.9146078
2025-08-07,UNH,0,1,0.8337745
2025-08-07,WMT,0,1,0.85412437
2025-08-07,XOM,0,1,0.93628407
2025-08-08,AAPL,1,1,0.6519257
2025-08-08,AMZN,0,1,0.77967924
2025-08-08,BA,1,1,0.73575526
2025-08-08,BAC,1,1,0.85988814
2025-08-08,CAT,0,1,0.7832416
2025-08-08,CVX,1,1,0.8250136
2025-08-08,GOOGL,1,1,0.9541301
2025-08-08,GS,1,1,0.67250776
2025-08-08,JNJ,1,1,0.6776543
2025-08-08,JPM,1,1,0.7658067
2025-08-08,KO,0,1,0.59245306
2025-08-08,META,1,0,0.49500751
2025-08-08,MSFT,1,0,0.4346248
2025-08-08,NVDA,1,0,0.49119145
2025-08-08,PFE,1,1,0.63577497
2025-08-08,TSLA,1,1,0.87809247
2025-08-08,UNH,1,0,0.33119163
2025-08-08,WMT,1,1,0.9046453
2025-08-08,XOM,1,1,0.70086217
2025-08-11,AAPL,0,0,0.4833422
2025-08-11,AMZN,0,1,0.84961426
2025-08-11,BA,0,1,0.70544803
2025-08-11,BAC,1,1,0.8589095
2025-08-11,CAT,0,1,0.76054084
2025-08-11,CVX,0,1,0.8515475
2025-08-11,GOOGL,0,1,0.8461773
2025-08-11,GS,0,1,0.789271
2025-08-11,JNJ,1,0,0.3898965
2025-08-11,JPM,1,1,0.8552736
2025-08-11,KO,1,1,0.5647424
2025-08-11,META,0,0,0.49094635
2025-08-11,MSFT,0,1,0.9444122
2025-08-11,NVDA,0,1,0.6919387
2025-08-11,PFE,1,0,0.49034578
2025-08-11,TSLA,1,0,0.27837262
2025-08-11,UNH,1,0,0.24827346
2025-08-11,WMT,1,1,0.8610373
2025-08-11,XOM,0,1,0.5651194
2025-08-12,AAPL,1,1,0.5249825
2025-08-12,AMZN,1,1,0.86864614
2025-08-12,BA,1,1,0.7225799
2025-08-12,BAC,1,1,0.88131905
2025-08-12,CAT,1,1,0.6824715
2025-08-12,CVX,1,1,0.56261086
2025-08-12,GOOGL,1,1,0.7390852
2025-08-12,GS,1,1,0.8616038
2025-08-12,JNJ,0,1,0.61961144
2025-08-12,JPM,1,1,0.6288455
2025-08-12,KO,0,0,0.30820346
2025-08-12,META,1,1,0.68899935
2025-08-12,MSFT,1,0,0.18304856
2025-08-12,NVDA,1,0,0.28183988
2025-08-12,PFE,1,1,0.93641514
2025-08-12,TSLA,1,0,0.3209015
2025-08-12,UNH,1,1,0.7333046
2025-08-12,WMT,0,1,0.7630191
2025-08-12,XOM,1,1,0.8117822
2025-08-13,AAPL,1,1,0.69264066
2025-08-13,AMZN,1,1,0.7545167
2025-08-13,BA,1,1,0.52098
2025-08-13,BAC,0,1,0.83964056
2025-08-13,CAT,1,1,0.7587298
2025-08-13,CVX,1,1,0.63072205
2025-08-13,GOOGL,0,0,0.3612932
2025-08-13,GS,1,1,0.522693
2025-08-13,JNJ,1,1,0.624665
2025-08-13,JPM,0,1,0.5846083
2025-08-13,KO,0,1,0.83377844
2025-08-13,META,0,1,0.5347279
2025-08-13,MSFT,0,0,0.39003915
2025-08-13,NVDA,0,0,0.39774033
2025-08-13,PFE,1,0,0.35241294
2025-08-13,TSLA,0,1,0.81475455
2025-08-13,UNH,1,1,0.5006502
2025-08-13,WMT,0,1,0.9040587
2025-08-13,XOM,1,1,0.8145994
2025-08-14,AAPL,0,1,0.6319918
2025-08-14,AMZN,1,1,0.75037575
2025-08-14,BA,0,0,0.4540881
2025-08-14,BAC,1,1,0.7167254
2025-08-14,CAT,1,1,0.91989714
2025-08-14,CVX,0,1,0.66087216
2025-08-14,GOOGL,1,1,0.83170253
2025-08-14,GS,1,1,0.60457486
2025-08-14,JNJ,1,0,0.11734617
2025-08-14,JPM,1,1,0.75660133
2025-08-14,KO,0,0,0.4373627
2025-08-14,META,1,0,0.4313316
2025-08-14,MSFT,1,1,0.90224546
2025-08-14,NVDA,1,1,0.560659
2025-08-14,PFE,0,0,0.19116108
2025-08-14,TSLA,0,1,0.68884283
2025-08-14,UNH,0,1,0.5945124
2025-08-14,WMT,0,1,0.6921666
2025-08-14,XOM,0,1,0.8224096
2025-08-15,AAPL,0,1,0.7607872
2025-08-15,AMZN,1,1,0.6736941
2025-08-15,BA,1,1,0.8378461
2025-08-15,BAC,0,0,0.36179775
2025-08-15,CAT,0,1,0.8818973
2025-08-15,CVX,1,1,0.86558646
2025-08-15,GOOGL,1,0,0.19803639
2025-08-15,GS,0,1,0.71475
2025-08-15,JNJ,1,0,0.46505493
2025-08-15,JPM,0,1,0.6684627
2025-08-15,KO,1,0,0.27349615
2025-08-15,META,1,1,0.5323481
2025-08-15,MSFT,0,1,0.8453895
2025-08-15,NVDA,0,0,0.30510703
2025-08-15,PFE,1,0,0.3973
2025-08-15,TSLA,0,1,0.7822684
2025-08-15,UNH,1,1,0.6353031
2025-08-15,WMT,0,0,0.21331346
2025-08-15,XOM,1,1,0.9147511
2025-08-18,AAPL,0,0,0.22537057
2025-08-18,AMZN,1,1,0.5192491
2025-08-18,BA,0,1,0.6902161
2025-08-18,BAC,1,1,0.8078838
2025-08-18,CAT,1,1,0.7991002
2025-08-18,CVX,0,0,0.45001003
2025-08-18,GOOGL,0,1,0.88876665
2025-08-18,GS,1,1,0.9504783
2025-08-18,JNJ,0,1,0.7212488
2025-08-18,JPM,1,1,0.96026194
2025-08-18,KO,0,0,0.39233646
2025-08-18,META,0,1,0.6943035
2025-08-18,MSFT,0,1,0.71862376
2025-08-18,NVDA,1,1,0.7650838
2025-08-18,PFE,0,1,0.6220123
2025-08-18,TSLA,1,1,0.7501278
2025-08-18,UNH,1,1,0.75468355
2025-08-18,WMT,1,0,0.32325384
2025-08-18,XOM,1,1,0.6692318
2025-08-19,AAPL,0,1,0.50453174
2025-08-19,AMZN,0,0,0.30567148
2025-08-19,BA,0,1,0.81040174
2025-08-19,BAC,1,1,0.63592756
2025-08-19,CAT,1,1,0.69912744
2025-08-19,CVX,0,1,0.87670475
2025-08-19,GOOGL,0,1,0.6632233
2025-08-19,GS,0,1,0.9206422
2025-08-19,JNJ,1,1,0.7937346
2025-08-19,JPM,0,1,0.6991083
2025-08-19,KO,1,0,0.19791967
2025-08-19,META,0,1,0.71795785
2025-08-19,MSFT,0,1,0.7533914
2025-08-19,NVDA,0,0,0.21516202
2025-08-19,PFE,1,1,0.64944106
2025-08-19,TSLA,0,0,0.3545101
2025-08-19,UNH,0,1,0.78085613
2025-08-19,WMT,1,1,0.61777556
2025-08-19,XOM,1,1,0.9386496
2025-08-20,AAPL,0,0,0.23257734
2025-08-20,AMZN,0,1,0.64802897
2025-08-20,BA,1,0,0.28160155
2025-08-20,BAC,1,1,0.5984946
2025-08-20,CAT,1,0,0.45716926
2025-08-20,CVX,1,0,0.19326165
2025-08-20,GOOGL,0,1,0.5930343
2025-08-20,GS,0,1,0.7186929
2025-08-20,JNJ,1,1,0.5429242
2025-08-20,JPM,1,1,0.88437384
2025-08-20,KO,1,0,0.23635347
2025-08-20,META,0,1,0.6587111
2025-08-20,MSFT,0,1,0.87531954
2025-08-20,NVDA,0,0,0.16669093
2025-08-20,PFE,1,0,0.45022547
2025-08-20,TSLA,0,1,0.89016974
2025-08-20,UNH,0,0,0.34413633
2025-08-20,WMT,1,1,0.7232783
2025-08-20,XOM,1,1,0.72856885
2025-08-21,AAPL,0,0,0.43277064
2025-08-21,AMZN,0,1,0.53489304
2025-08-21,BA,0,1,0.77024466
2025-08-21,BAC,0,1,0.7449038
2025-08-21,CAT,0,1,0.7209881
2025-08-21,CVX,1,1,0.8241915
2025-08-21,GOOGL,1,1,0.7846348
2025-08-21,GS,0,0,0.22999495
2025-08-21,JNJ,1,0,0.45312026
2025-08-21,JPM,0,1,0.56488085
2025-08-21,KO,0,1,0.694282
2025-08-21,META,0,0,0.31329778
2025-08-21,MSFT,0,1,0.69993806
2025-08-21,NVDA,0,0,0.4874854
2025-08-21,PFE,1,1,0.6236695
2025-08-21,TSLA,0,0,0.27724722
2025-08-21,UNH,1,0,0.22451293
2025-08-21,WMT,0,0,0.48435265
2025-08-21,XOM,1,1,0.92173016
2025-08-22,AAPL,1,1,0.8722431
2025-08-22,AMZN,1,1,0.91300017
2025-08-22,BA,1,0,0.2760796
2025-08-22,BAC,1,1,0.6306277
2025-08-22,CAT,1,1,0.94160825
2025-08-22,CVX,1,0,0.41121224
2025-08-22,GOOGL,1,1,0.8635324
2025-08-22,GS,1,1,0.55059814
2025-08-22,JNJ,1,1,0.5509967
2025-08-22,JPM,1,1,0.74506146
2025-08-22,KO,0,0,0.18787894
2025-08-22,META,1,1,0.7106749
2025-08-22,MSFT,1,0,0.32896513
2025-08-22,NVDA,1,0,0.4140222
2025-08-22,PFE,1,1,0.54163
2025-08-22,TSLA,1,1,0.544044
2025-08-22,UNH,1,0,0.4030974
2025-08-22,WMT,0,0,0.28434873
2025-08-22,XOM,1,0,0.3304749
2025-08-25,AAPL,0,1,0.7347838
2025-08-25,AMZN,0,1,0.57085377
2025-08-25,BA,0,1,0.67261887
2025-08-25,BAC,1,1,0.73731124
2025-08-25,CAT,0,0,0.03978967
2025-08-25,CVX,1,1,0.73677194
2025-08-25,GOOGL,1,1,0.56833327
2025-08-25,GS,0,1,0.64621854
2025-08-25,JNJ,0,0,0.39540234
2025-08-25,JPM,0,1,0.7136283
2025-08-25,KO,0,1,0.8198966
2025-08-25,META,0,0,0.09177465
2025-08-25,MSFT,0,1,0.8140569
2025-08-25,NVDA,1,0,0.06555188
2025-08-25,PFE,0,1,0.6191127
2025-08-25,TSLA,1,1,0.6837597
2025-08-25,UNH,0,0,0.40608743
2025-08-25,WMT,0,1,0.9192475
2025-08-25,XOM,1,0,0.09464819
2025-08-26,AAPL,1,1,0.52078915
2025-08-26,AMZN,1,1,0.8250771
2025-08-26,BA,1,1,0.7810806
2025-08-26,BAC,1,1,0.81459874
2025-08-26,CAT,0,1,0.7623703
2025-08-26,CVX,0,0,0.49395233
2025-08-26,GOOGL,0,1,0.7461023
2025-08-26,GS,1,1,0.9345267
2025-08-26,JNJ,0,1,0.6259391
2025-08-26,JPM,1,1,0.93263346
2025-08-26,KO,0,0,0.3297094
2025-08-26,META,1,1,0.8357943
2025-08-26,MSFT,0,0,0.40286732
2025-08-26,NVDA,1,0,0.18918428
2025-08-26,PFE,0,0,0.40457138
2025-08-26,TSLA,1,0,0.3538582
2025-08-26,UNH,0,0,0.16743943
2025-08-26,WMT,0,1,0.8140957
2025-08-26,XOM,0,0,0.49642426
2025-08-27,AAPL,1,1,0.6156206
2025-08-27,AMZN,1,1,0.8909185
2025-08-27,BA,1,1,0.56633776
2025-08-27,BAC,1,1,0.84960806
2025-08-27,CAT,1,0,0.35899195
2025-08-27,CVX,1,1,0.6978164
2025-08-27,GOOGL,1,1,0.8686869
2025-08-27,GS,1,0,0.26314536
2025-08-27,JNJ,1,1,0.7221125
2025-08-27,JPM,1,0,0.028228495
2025-08-27,KO,1,0,0.30381528
2025-08-27,META,0,1,0.5035264
2025-08-27,MSFT,1,1,0.65568876
2025-08-27,NVDA,0,1,0.6553338
2025-08-27,PFE,1,1,0.6255156
2025-08-27,TSLA,0,0,0.38439107
2025-08-27,UNH,1,1,0.6514934
2025-08-27,WMT,1,0,0.36159185
2025-08-27,XOM,1,1,0.7759953
2025-08-28,AAPL,1,1,0.7772117
2025-08-28,AMZN,1,1,0.94489205
2025-08-28,BA,1,1,0.79454744
2025-08-28,BAC,1,1,0.8301046
2025-08-28,CAT,1,0,0.25925592
2025-08-28,CVX,1,1,0.8641729
2025-08-28,GOOGL,1,1,0.9094772
2025-08-28,GS,1,1,0.80531514
2025-08-28,JNJ,0,1,0.71679175
2025-08-28,JPM,1,1,0.8463416
2025-08-28,KO,0,1,0.9397958
2025-08-28,META,1,1,0.7319247
2025-08-28,MSFT,1,0,0.4611771
2025-08-28,NVDA,0,1,0.8205297
2025-08-28,PFE,0,0,0.48905388
2025-08-28,TSLA,0,0,0.29544252
2025-08-28,UNH,0,0,0.19500968
2025-08-28,WMT,1,1,0.74606204
2025-08-28,XOM,1,1,0.8422021
2025-08-29,AAPL,0,0,0.2093635
2025-08-29,AMZN,0,1,0.76772577
2025-08-29,BA,0,0,0.44284794
2025-08-29,BAC,1,0,0.45314327
2025-08-29,CAT,0,0,0.19693364
2025-08-29,CVX,1,1,0.7484806
2025-08-29,GOOGL,1,0,0.47406432
2025-08-29,GS,0,0,0.47934815
2025-08-29,JNJ,1,0,0.31045318
2025-08-29,JPM,1,1,0.5612177
2025-08-29,KO,1,0,0.15316461
2025-08-29,META,0,0,0.38678926
2025-08-29,MSFT,0,1,0.81412244
2025-08-29,NVDA,0,0,0.12382613
2025-08-29,PFE,1,0,0.117868036
2025-08-29,TSLA,0,1,0.6027662
2025-08-29,UNH,1,1,0.7896418
2025-08-29,WMT,1,1,0.87305325
2025-08-29,XOM,1,1,0.9111175
2025-09-02,AAPL,0,0,0.47015747
2025-09-02,AMZN,0,0,0.29303142
2025-09-02,BA,1,1,0.5330226
2025-09-02,BAC,0,0,0.3003692
2025-09-02,CAT,0,1,0.63883024
2025-09-02,CVX,1,1,0.7617245
2025-09-02,GOOGL,0,1,0.84216785
2025-09-02,GS,0,1,0.68709195
2025-09-02,JNJ,1,1,0.6979929
2025-09-02,JPM,0,1,0.67091316
2025-09-02,KO,1,1,0.8870166
2025-09-02,META,0,1,0.5971545
2025-09-02,MSFT,0,1,0.6618723
2025-09-02,NVDA,0,1,0.78544974
2025-09-02,PFE,1,0,0.15445153
2025-09-02,TSLA,0,0,0.4677877
2025-09-02,UNH,0,1,0.76646286
2025-09-02,WMT,1,1,0.95420134
2025-09-02,XOM,1,1,0.5114171
2025-09-03,AAPL,1,1,0.84162366
2025-09-03,AMZN,1,0,0.27014428
2025-09-03,BA,0,0,0.43923485
2025-09-03,BAC,0,0,0.11154439
2025-09-03,CAT,0,1,0.6810895
2025-09-03,CVX,0,1,0.81535494
2025-09-03,GOOGL,1,1,0.6665491
2025-09-03,GS,0,0,0.40785456
2025-09-03,JNJ,0,1,0.9212147
2025-09-03,JPM,0,0,0.12753324
2025-09-03,KO,0,1,0.7646521
2025-09-03,META,1,1,0.5563815
2025-09-03,MSFT,1,0,0.3737021
2025-09-03,NVDA,0,1,0.81318444
2025-09-03,PFE,0,0,0.36526284
2025-09-03,TSLA,1,1,0.63461393
2025-09-03,UNH,0,0,0.44325557
2025-09-03,WMT,1,0,0.42133737
2025-09-03,XOM,0,0,0.24701242
2025-09-04,AAPL,1,0,0.21239847
2025-09-04,AMZN,1,1,0.760832
2025-09-04,BA,0,1,0.7243006
2025-09-04,BAC,1,1,0.5427056
2025-09-04,CAT,1,1,0.90864956
2025-09-04,CVX,0,1,0.54502165
2025-09-04,GOOGL,1,1,0.8057356
2025-09-04,GS,1,0,0.46067095
2025-09-04,JNJ,1,1,0.8598237
2025-09-04,JPM,1,1,0.698191
2025-09-04,KO,0,0,0.27473247
2025-09-04,META,1,1,0.8495801
2025-09-04,MSFT,1,1,0.82972896
2025-09-04,NVDA,1,1,0.76788557
2025-09-04,PFE,0,1,0.74516934
2025-09-04,TSLA,1,1,0.5019267
2025-09-04,UNH,1,1,0.7603073
2025-09-04,WMT,1,1,0.54153305
2025-09-04,XOM,1,0,0.44971338
2025-09-05,AAPL,0,1,0.6806825
2025-09-05,AMZN,0,1,0.57894313
2025-09-05,BA,0,0,0.4655074
2025-09-05,BAC,0,0,0.42215762
2025-09-05,CAT,1,1,0.6612725
2025-09-05,CVX,0,1,0.93305045
2025-09-05,GOOGL,1,0,0.40807864
2025-09-05,GS,0,0,0.33094037
2025-09-05,JNJ,0,1,0.8245508
2025-09-05,JPM,0,0,0.15477745
2025-09-05,KO,0,1,0.7880417
2025-09-05,META,1,0,0.36613
2025-09-05,MSFT,0,1,0.5072793
2025-09-05,NVDA,0,1,0.7847046
2025-09-05,PFE,1,1,0.7338375
2025-09-05,TSLA,1,0,0.46102855
2025-09-05,UNH,1,0,0.34157556
2025-09-05,WMT,0,0,0.26746005
2025-09-05,XOM,0,0,0.23760459
2025-09-08,AAPL,0,1,0.8791593
2025-09-08,AMZN,1,1,0.8660503
2025-09-08,BA,1,1,0.6976124
2025-09-08,BAC,0,1,0.63400334
2025-09-08,CAT,0,1,0.944942
2025-09-08,CVX,1,0,0.4990536
2025-09-08,GOOGL,0,0,0.43251115
2025-09-08,GS,1,1,0.7497017
2025-09-08,JNJ,0,0,0.3374868
2025-09-08,JPM,0,0,0.44103828
2025-09-08,KO,0,1,0.969435
2025-09-08,META,0,1,0.73390406
2025-09-08,MSFT,1,1,0.639835
2025-09-08,NVDA,1,1,0.9107883
2025-09-08,PFE,0,1,0.6698975
2025-09-08,TSLA,0,1,0.68453014
2025-09-08,UNH,1,1,0.85228187
2025-09-08,WMT,1,1,0.88810533
2025-09-08,XOM,1,0,0.43942365
2025-09-09,AAPL,0,1,0.8318182
2025-09-09,AMZN,1,1,0.5438036
2025-09-09,BA,0,0,0.39987907
2025-09-09,BAC,1,1,0.6736533
2025-09-09,CAT,0,1,0.5123713
2025-09-09,CVX,1,1,0.73764163
2025-09-09,GOOGL,1,1,0.51494527
2025-09-09,GS,1,1,0.81210417
2025-09-09,JNJ,0,0,0.26949516
2025-09-09,JPM,1,1,0.59860677
2025-09-09,KO,1,1,0.9236512
2025-09-09,META,1,0,0.41688955
2025-09-09,MSFT,1,1,0.77227706
2025-09-09,NVDA,1,0,0.48378024
2025-09-09,PFE,1,0,0.3813333
2025-09-09,TSLA,1,1,0.5481343
2025-09-09,UNH,1,0,0.4657537
2025-09-09,WMT,1,1,0.6587354
2025-09-09,XOM,1,0,0.3602947
2025-09-10,AAPL,0,1,0.64936376
2025-09-10,AMZN,0,0,0.25388318
2025-09-10,BA,0,1,0.6543519
2025-09-10,BAC,0,0,0.34395555
2025-09-10,CAT,1,0,0.44588333
2025-09-10,CVX,1,0,0.42646277
2025-09-10,GOOGL,0,1,0.6618855
2025-09-10,GS,1,0,0.39125803
2025-09-10,JNJ,0,0,0.3970241
2025-09-10,JPM,1,0,0.32844114
2025-09-10,KO,0,1,0.7804813
2025-09-10,META,0,1,0.74904627
2025-09-10,MSFT,1,1,0.91018605
2025-09-10,NVDA,1,1,0.629258
2025-09-10,PFE,0,1,0.6831081
2025-09-10,TSLA,1,0,0.23138636
2025-09-10,UNH,0,1,0.91269547
2025-09-10,WMT,0,1,0.87821484
2025-09-10,XOM,1,1,0.50068855
2025-09-11,AAPL,1,0,0.3841982
2025-09-11,AMZN,0,0,0.34832054
2025-09-11,BA,0,1,0.60261816
2025-09-11,BAC,1,1,0.5184019
2025-09-11,CAT,1,0,0.30472338
2025-09-11,CVX,1,1,0.8116856
2025-09-11,GOOGL,1,0,0.4438882
2025-09-11,GS,1,1,0.6744925
2025-09-11,JNJ,1,0,0.49989405
2025-09-11,JPM,1,0,0.45172444
2025-09-11,KO,0,1,0.86950433
2025-09-11,META,0,0,0.47176647
2025-09-11,MSFT,1,1,0.64210314
2025-09-11,NVDA,0,1,0.90361416
2025-09-11,PFE,1,0,0.39806378
2025-09-11,TSLA,1,0,0.35825622
2025-09-11,UNH,1,1,0.6899448
2025-09-11,WMT,1,1,0.7987045
2025-09-11,XOM,0,1,0.8203713
2025-09-12,AAPL,1,1,0.7700097
2025-09-12,AMZN,0,1,0.6135807
2025-09-12,BA,0,1,0.81593865
2025-09-12,BAC,0,0,0.47180033
2025-09-12,CAT,1,1,0.63509774
2025-09-12,CVX,0,1,0.5370263
2025-09-12,GOOGL,1,1,0.8208375
2025-09-12,GS,0,1,0.88016564
2025-09-12,JNJ,0,0,0.42924175
2025-09-12,JPM,1,1,0.87434024
2025-09-12,KO,0,1,0.9685745
2025-09-12,META,1,0,0.22371389
2025-09-12,MSFT,1,1,0.79229164
2025-09-12,NVDA,1,1,0.63714665
2025-09-12,PFE,0,1,0.5786053
2025-09-12,TSLA,1,1,0.7612019
2025-09-12,UNH,0,1,0.7717319
2025-09-12,WMT,1,1,0.9515294
2025-09-12,XOM,1,1,0.63065296
2025-09-15,AAPL,1,1,0.87367046
2025-09-15,AMZN,1,0,0.19617487
2025-09-15,BA,0,1,0.8085161
2025-09-15,BAC,1,0,0.3240474
2025-09-15,CAT,1,0,0.31520417
2025-09-15,CVX,1,1,0.76849884
2025-09-15,GOOGL,1,1,0.80775136
2025-09-15,GS,1,0,0.38111427
2025-09-15,JNJ,0,1,0.5746961
2025-09-15,JPM,1,1,0.8198412
2025-09-15,KO,0,0,0.35105613
2025-09-15,META,1,1,0.6968005
2025-09-15,MSFT,1,0,0.3457152
2025-09-15,NVDA,0,0,0.31911543
2025-09-15,PFE,1,1,0.6279651
2025-09-15,TSLA,1,1,0.6192669
2025-09-15,UNH,0,1,0.95295644
2025-09-15,WMT,1,1,0.7690057
2025-09-15,XOM,1,1,0.75477535
2025-09-16,AAPL,1,1,0.80704993
2025-09-16,AMZN,1,1,0.6044056
2025-09-16,BA,0,1,0.5960651
2025-09-16,BAC,1,1,0.6510135
2025-09-16,CAT,1,0,0.3385064
2025-09-16,CVX,1,1,0.6170318
2025-09-16,GOOGL,0,0,0.43298447
2025-09-16,GS,0,0,0.4643643
2025-09-16,JNJ,0,0,0.35547575
2025-09-16,JPM,1,1,0.78523886
2025-09-16,KO,1,1,0.7076211
2025-09-16,META,1,1,0.57058996
2025-09-16,MSFT,0,1,0.80622786
2025-09-16,NVDA,0,0,0.2594274
2025-09-16,PFE,0,1,0.7744295
2025-09-16,TSLA,1,1,0.5418377
2025-09-16,UNH,0,0,0.41777784
2025-09-16,WMT,0,0,0.48482522
2025-09-16,XOM,1,1,0.71086353
2025-09-17,AAPL,1,1,0.9007279
2025-09-17,AMZN,0,1,0.9324587
2025-09-17,BA,0,1,0.9656984
2025-09-17,BAC,1,1,0.73094237
2025-09-17,CAT,1,0,0.08726041
2025-09-17,CVX,1,1,0.7648916
2025-09-17,GOOGL,0,1,0.6143816
2025-09-17,GS,1,1,0.7276317
2025-09-17,JNJ,1,1,0.8651303
2025-09-17,JPM,1,1,0.90768886
2025-09-17,KO,1,1,0.89235944
2025-09-17,META,0,1,0.8156987
2025-09-17,MSFT,1,1,0.56100696
2025-09-17,NVDA,0,1,0.6481244
2025-09-17,PFE,1,1,0.87179005
2025-09-17,TSLA,1,1,0.7579674
2025-09-17,UNH,1,0,0.3546137
2025-09-17,WMT,1,1,0.7815031
2025-09-17,XOM,1,1,0.59066904
2025-09-18,AAPL,0,1,0.54832745
2025-09-18,AMZN,0,0,0.46247467
2025-09-18,BA,1,0,0.42159733
2025-09-18,BAC,1,1,0.52620393
2025-09-18,CAT,1,1,0.86511594
2025-09-18,CVX,0,1,0.66946274
2025-09-18,GOOGL,1,1,0.55613554
2025-09-18,GS,1,1,0.6814502
2025-09-18,JNJ,0,1,0.52719176
2025-09-18,JPM,1,1,0.79839426
2025-09-18,KO,0,1,0.7245817
2025-09-18,META,1,1,0.86841595
2025-09-18,MSFT,0,1,0.7142229
2025-09-18,NVDA,1,1,0.53511626
2025-09-18,PFE,1,1,0.8342542
2025-09-18,TSLA,0,0,0.31296617
2025-09-18,UNH,0,0,0.41085646
2025-09-18,WMT,0,1,0.83209133
2025-09-18,XOM,0,1,0.67949206
2025-09-19,AAPL,1,1,0.6034916
2025-09-19,AMZN,1,1,0.959698
2025-09-19,BA,0,0,0.43955627
2025-09-19,BAC,1,1,0.6842682
2025-09-19,CAT,0,1,0.5863857
2025-09-19,CVX,0,1,0.6823298
2025-09-19,GOOGL,1,1,0.61493754
2025-09-19,GS,1,0,0.34415853
2025-09-19,JNJ,1,0,0.2635377
2025-09-19,JPM,1,1,0.8691816
2025-09-19,KO,0,1,0.71757054
2025-09-19,META,0,1,0.8237817
2025-09-19,MSFT,1,1,0.62007785
2025-09-19,NVDA,1,0,0.27024227
2025-09-19,PFE,0,1,0.5083661
2025-09-19,TSLA,1,1,0.7491394
2025-09-19,UNH,1,1,0.7485442
2025-09-19,WMT,0,1,0.86289495
2025-09-19,XOM,0,1,0.88193846
2025-09-22,AAPL,1,0,0.4805052
2025-09-22,AMZN,0,0,0.44154355
2025-09-22,BA,0,1,0.7727387
2025-09-22,BAC,0,0,0.41880012
2025-09-22,CAT,1,1,0.8625104
2025-09-22,CVX,0,0,0.38535053
2025-09-22,GOOGL,0,1,0.8862215
2025-09-22,GS,1,1,0.51824373
2025-09-22,JNJ,0,0,0.4794664
2025-09-22,JPM,0,1,0.6790451
2025-09-22,KO,0,0,0.2144772
2025-09-22,META,0,1,0.88862485
2025-09-22,MSFT,0,1,0.82255054
2025-09-22,NVDA,1,1,0.86285895
2025-09-22,PFE,1,1,0.92879707
2025-09-22,TSLA,1,0,0.07848689
2025-09-22,UNH,1,1,0.79281527
2025-09-22,WMT,1,1,0.54045194
2025-09-22,XOM,0,1,0.5107426
2025-09-23,AAPL,0,1,0.76070094
2025-09-23,AMZN,0,1,0.8526745
2025-09-23,BA,1,1,0.61998206
2025-09-23,BAC,0,0,0.37676534
2025-09-23,CAT,0,1,0.74119407
2025-09-23,CVX,1,1,0.70959103
2025-09-23,GOOGL,0,0,0.25865555
2025-09-23,GS,1,0,0.26231936
2025-09-23,JNJ,1,1,0.9439736
2025-09-23,JPM,1,1,0.7281166
2025-09-23,KO,1,0,0.43773004
2025-09-23,META,0,1,0.88841254
2025-09-23,MSFT,0,0,0.47915375
2025-09-23,NVDA,0,1,0.7594707
2025-09-23,PFE,1,1,0.9067271
2025-09-23,TSLA,0,0,0.48165962
2025-09-23,UNH,1,1,0.92889875
2025-09-23,WMT,0,1,0.6232909
2025-09-23,XOM,1,0,0.43762684
2025-09-24,AAPL,0,1,0.79677796
2025-09-24,AMZN,0,1,0.7327786
2025-09-24,BA,0,1,0.894451
2025-09-24,BAC,1,1,0.8368793
2025-09-24,CAT,0,1,0.831628
2025-09-24,CVX,1,1,0.817938
2025-09-24,GOOGL,0,1,0.62244815
2025-09-24,GS,0,0,0.34380555
2025-09-24,JNJ,1,1,0.83593327
2025-09-24,JPM,1,0,0.46245274
2025-09-24,KO,0,1,0.7269145
2025-09-24,META,1,0,0.4000764
2025-09-24,MSFT,1,0,0.44505128
2025-09-24,NVDA,0,0,0.49180526
2025-09-24,PFE,0,1,0.8968904
2025-09-24,TSLA,1,0,0.4276857
2025-09-24,UNH,1,1,0.77905047
2025-09-24,WMT,1,1,0.6189152
2025-09-24,XOM,1,1,0.6385602
2025-09-25,AAPL,1,1,0.73759943
2025-09-25,AMZN,0,1,0.87373495
2025-09-25,BA,0,1,0.70713794
2025-09-25,BAC,1,1,0.9450585
2025-09-25,CAT,0,1,0.71143574
2025-09-25,CVX,1,1,0.7220528
2025-09-25,GOOGL,0,1,0.87303203
2025-09-25,GS,1,1,0.87504077
2025-09-25,JNJ,1,1,0.8244302
2025-09-25,JPM,1,1,0.904969
2025-09-25,KO,0,0,0.29229793
2025-09-25,META,0,1,0.93881387
2025-09-25,MSFT,0,1,0.90736777
2025-09-25,NVDA,1,1,0.6946042
2025-09-25,PFE,0,1,0.5463353
2025-09-25,TSLA,0,0,0.41275346
2025-09-25,UNH,0,1,0.77446973
2025-09-25,WMT,1,1,0.7946448
2025-09-25,XOM,1,1,0.8898987
2025-09-26,AAPL,0,1,0.84425694
2025-09-26,AMZN,1,1,0.81809556
2025-09-26,BA,1,0,0.34061205
2025-09-26,BAC,1,0,0.20895028
2025-09-26,CAT,1,0,0.4173611
2025-09-26,CVX,0,1,0.8277829
2025-09-26,GOOGL,1,1,0.85032386
2025-09-26,GS,1,0,0.20790216
2025-09-26,JNJ,1,1,0.616838
2025-09-26,JPM,1,1,0.90975195
2025-09-26,KO,0,1,0.50123584
2025-09-26,META,0,1,0.7813676
2025-09-26,MSFT,1,1,0.7895802
2025-09-26,NVDA,1,0,0.45466518
2025-09-26,PFE,1,1,0.51504076
2025-09-26,TSLA,1,1,0.81427145
2025-09-26,UNH,0,1,0.8270033
2025-09-26,WMT,1,1,0.6564373
2025-09-26,XOM,1,1,0.66033
2025-09-29,AAPL,0,1,0.880444
2025-09-29,AMZN,1,1,0.5761388
2025-09-29,BA,0,1,0.6405377
2025-09-29,BAC,1,0,0.4814863
2025-09-29,CAT,1,1,0.55252725
2025-09-29,CVX,0,1,0.7745794
2025-09-29,GOOGL,0,1,0.76460165
2025-09-29,GS,1,0,0.3347841
2025-09-29,JNJ,1,1,0.8975236
2025-09-29,JPM,0,1,0.5216839
2025-09-29,KO,1,0,0.2661348
2025-09-29,META,0,1,0.55120593
2025-09-29,MSFT,1,1,0.85816234
2025-09-29,NVDA,1,1,0.9329098
2025-09-29,PFE,1,0,0.43464163
2025-09-29,TSLA,1,0,0.05613664
2025-09-29,UNH,1,1,0.68623227
2025-09-29,WMT,0,1,0.5638552
2025-09-29,XOM,0,0,0.3210945
2025-09-30,AAPL,1,1,0.772628
2025-09-30,AMZN,0,1,0.96042967
2025-09-30,BA,0,1,0.74847025
2025-09-30,BAC,0,0,0.45021033
2025-09-30,CAT,1,1,0.78427553
2025-09-30,CVX,0,1,0.52993226
2025-09-30,GOOGL,0,1,0.59012216
2025-09-30,GS,0,1,0.6992896
2025-09-30,JNJ,1,1,0.9653369
2025-09-30,JPM,0,1,0.71878916
2025-09-30,KO,1,1,0.70621175
2025-09-30,META,0,1,0.85328734
2025-09-30,MSFT,1,1,0.7077277
2025-09-30,NVDA,1,1,0.725165
2025-09-30,PFE,1,1,0.6437956
2025-09-30,TSLA,1,1,0.7351202
2025-09-30,UNH,1,0,0.343309
2025-09-30,WMT,0,0,0.43328404
2025-09-30,XOM,0,0,0.31872883
2025-10-01,AAPL,1,1,0.60945815
2025-10-01,AMZN,1,1,0.9790067
2025-10-01,BA,0,1,0.84382766
2025-10-01,BAC,0,1,0.7867764
2025-10-01,CAT,1,0,0.43383053
2025-10-01,CVX,0,1,0.8386068
2025-10-01,GOOGL,1,1,0.72302216
2025-10-01,GS,0,1,0.7678544
2025-10-01,JNJ,1,1,0.8616785
2025-10-01,JPM,0,0,0.39895692
2025-10-01,KO,1,1,0.5887542
2025-10-01,META,0,1,0.8152068
2025-10-01,MSFT,1,0,0.4433008
2025-10-01,NVDA,1,1,0.6130831
2025-10-01,PFE,1,0,0.15097149
2025-10-01,TSLA,1,0,0.26962173
2025-10-01,UNH,1,1,0.8276749
2025-10-01,WMT,0,0,0.4943829
2025-10-01,XOM,0,1,0.552388
2025-10-02,AAPL,1,0,0.4187721
2025-10-02,AMZN,1,1,0.92004585
2025-10-02,BA,1,1,0.6581379
2025-10-02,BAC,0,0,0.48049283
2025-10-02,CAT,1,0,0.47281277
2025-10-02,CVX,0,1,0.7970083
2025-10-02,GOOGL,1,1,0.5256644
2025-10-02,GS,0,1,0.72903466
2025-10-02,JNJ,0,1,0.73719496
2025-10-02,JPM,0,1,0.65134495
2025-10-02,KO,0,1,0.6473201
2025-10-02,META,1,1,0.5621181
2025-10-02,MSFT,0,1,0.55212563
2025-10-02,NVDA,1,1,0.8071806
2025-10-02,PFE,0,1,0.9758351
2025-10-02,TSLA,0,0,0.39641616
2025-10-02,UNH,1,1,0.7926326
2025-10-02,WMT,0,0,0.38818952
2025-10-02,XOM,0,1,0.82020336
2025-10-03,AAPL,1,0,0.40484318
2025-10-03,AMZN,0,1,0.71150744
2025-10-03,BA,0,0,0.44677117
2025-10-03,BAC,1,1,0.9030039
2025-10-03,CAT,1,1,0.5307334
2025-10-03,CVX,1,1,0.5344336
2025-10-03,GOOGL,0,1,0.95476955
2025-10-03,GS,1,1,0.5080796
2025-10-03,JNJ,1,1,0.8153918
2025-10-03,JPM,1,1,0.8155289
2025-10-03,KO,1,0,0.2596101
2025-10-03,META,0,1,0.6406134
2025-10-03,MSFT,1,1,0.7537657
2025-10-03,NVDA,0,1,0.6987317
2025-10-03,PFE,1,0,0.4436741
2025-10-03,TSLA,0,0,0.13431822
2025-10-03,UNH,1,1,0.8678011
2025-10-03,WMT,1,1,0.5265221
2025-10-03,XOM,1,1,0.8746054
2025-10-06,AAPL,0,1,0.90217376
2025-10-06,AMZN,1,1,0.9683958
2025-10-06,BA,1,1,0.7604152
2025-10-06,BAC,0,1,0.77634776
2025-10-06,CAT,0,0,0.45962405
2025-10-06,CVX,1,1,0.88094807
2025-10-06,GOOGL,1,1,0.8574309
2025-10-06,GS,1,1,0.52695906
2025-10-06,JNJ,0,1,0.90181136
2025-10-06,JPM,1,1,0.59773284
2025-10-06,KO,0,1,0.5790146
2025-10-06,META,1,1,0.8433691
2025-10-06,MSFT,1,1,0.8913076
2025-10-06,NVDA,0,1,0.64180475
2025-10-06,PFE,0,1,0.8789837
2025-10-06,TSLA,1,0,0.30416504
2025-10-06,UNH,0,1,0.9286394
2025-10-06,WMT,1,1,0.6693487
2025-10-06,XOM,1,1,0.8209932
2025-10-07,AAPL,0,1,0.6363442
2025-10-07,AMZN,1,0,0.49558145
2025-10-07,BA,1,1,0.7972886
2025-10-07,BAC,0,1,0.6832801
2025-10-07,CAT,0,1,0.56877095
2025-10-07,CVX,1,1,0.84175676
2025-10-07,GOOGL,0,1,0.80944806
2025-10-07,GS,0,1,0.7659762
2025-10-07,JNJ,1,1,0.73002034
2025-10-07,JPM,0,1,0.6468637
2025-10-07,KO,1,0,0.36043757
2025-10-07,META,0,1,0.80847865
2025-10-07,MSFT,0,1,0.65626115
2025-10-07,NVDA,0,1,0.7270537
2025-10-07,PFE,0,0,0.18802178
2025-10-07,TSLA,0,0,0.10165494
2025-10-07,UNH,1,1,0.56309336
2025-10-07,WMT,1,1,0.5031846
2025-10-07,XOM,1,1,0.89017165
2025-10-08,AAPL,1,0,0.33382308
2025-10-08,AMZN,1,1,0.9172322
2025-10-08,BA,1,0,0.18289326
2025-10-08,BAC,0,0,0.35564
2025-10-08,CAT,1,0,0.30477923
2025-10-08,CVX,0,1,0.65723103
2025-10-08,GOOGL,0,0,0.30636922
2025-10-08,GS,0,1,0.66043204
2025-10-08,JNJ,1,0,0.33121923
2025-10-08,JPM,0,1,0.87028164
2025-10-08,KO,0,0,0.11484017
2025-10-08,META,1,1,0.6547117
2025-10-08,MSFT,1,1,0.50225085
2025-10-08,NVDA,1,1,0.5918838
2025-10-08,PFE,0,0,0.47367907
2025-10-08,TSLA,1,1,0.78565276
2025-10-08,UNH,1,0,0.18126892
2025-10-08,WMT,0,1,0.52912545
2025-10-08,XOM,0,0,0.37229866
2025-10-09,AAPL,0,0,0.47493038
2025-10-09,AMZN,1,1,0.62840456
2025-10-09,BA,0,0,0.4389463
2025-10-09,BAC,0,1,0.72810274
2025-10-09,CAT,0,1,0.6310328
2025-10-09,CVX,0,1,0.94626695
2025-10-09,GOOGL,0,1,0.79529756
2025-10-09,GS,1,0,0.30940148
2025-10-09,JNJ,1,0,0.48000276
2025-10-09,JPM,1,1,0.6686203
2025-10-09,KO,1,0,0.42527547
2025-10-09,META,1,1,0.89687955
2025-10-09,MSFT,0,0,0.23363483
2025-10-09,NVDA,1,1,0.77729356
2025-10-09,PFE,0,0,0.44076765
2025-10-09,TSLA,0,0,0.40601927
2025-10-09,UNH,0,1,0.61209
2025-10-09,WMT,0,0,0.4569794
2025-10-09,XOM,0,0,0.45188078
2025-10-10,AAPL,0,1,0.9218602
2025-10-10,AMZN,0,0,0.38088346
2025-10-10,BA,0,0,0.37108216
2025-10-10,BAC,0,0,0.4648851
2025-10-10,CAT,0,1,0.7225333
2025-10-10,CVX,0,1,0.81488985
2025-10-10,GOOGL,0,1,0.74663764
2025-10-10,GS,0,1,0.5610873
2025-10-10,JNJ,0,1,0.66056174
2025-10-10,JPM,0,1,0.6028398
2025-10-10,KO,1,1,0.584126
2025-10-10,META,0,1,0.69789094
2025-10-10,MSFT,0,1,0.63496405
2025-10-10,NVDA,0,1,0.87596434
2025-10-10,PFE,0,1,0.57478166
2025-10-10,TSLA,0,1,0.961242
2025-10-10,UNH,0,1,0.91815186
2025-10-10,WMT,1,0,0.15197691
2025-10-10,XOM,0,0,0.43564177
2025-10-13,AAPL,1,1,0.8095504
2025-10-13,AMZN,1,1,0.938564
2025-10-13,BA,1,1,0.9559381
2025-10-13,BAC,1,1,0.59948826
2025-10-13,CAT,1,1,0.9010678
2025-10-13,CVX,1,1,0.93952096
2025-10-13,GOOGL,1,1,0.94754624
2025-10-13,GS,1,1,0.8470282
2025-10-13,JNJ,1,1,0.8744867
2025-10-13,JPM,1,1,0.72472763
2025-10-13,KO,0,1,0.88174516
2025-10-13,META,1,1,0.771598
2025-10-13,MSFT,1,1,0.6320742
2025-10-13,NVDA,1,1,0.7002913
2025-10-13,PFE,0,0,0.25440812
2025-10-13,TSLA,1,1,0.7581357
2025-10-13,UNH,1,1,0.5163691
2025-10-13,WMT,1,1,0.76685935
2025-10-13,XOM,1,1,0.5442514
2025-10-14,AAPL,1,1,0.77392435
2025-10-14,AMZN,0,1,0.7924506
2025-10-14,BA,0,1,0.70194924
2025-10-14,BAC,1,1,0.8655633
2025-10-14,CAT,1,0,0.16866638
2025-10-14,CVX,1,1,0.8558704
2025-10-14,GOOGL,1,1,0.8258145
2025-10-14,GS,0,0,0.3364206
2025-10-14,JNJ,0,0,0.33560082
2025-10-14,JPM,0,1,0.68023664
2025-10-14,KO,1,0,0.16737008
2025-10-14,META,0,0,0.3784492
2025-10-14,MSFT,0,0,0.40675113
2025-10-14,NVDA,0,1,0.6390443
2025-10-14,PFE,0,1,0.5925318
2025-10-14,TSLA,0,1,0.62391996
2025-10-14,UNH,1,0,0.33802825
2025-10-14,WMT,1,1,0.51982903
2025-10-14,XOM,1,0,0.48910826
2025-10-15,AAPL,1,1,0.8866421
2025-10-15,AMZN,0,1,0.8972091
2025-10-15,BA,0,1,0.5527976
2025-10-15,BAC,1,1,0.84282225
2025-10-15,CAT,1,1,0.8521604
2025-10-15,CVX,0,1,0.7477678
2025-10-15,GOOGL,1,1,0.82770395
2025-10-15,GS,0,1,0.5571116
2025-10-15,JNJ,1,1,0.80248916
2025-10-15,JPM,1,0,0.4757639
2025-10-15,KO,0,0,0.34003866
2025-10-15,META,1,1,0.88458043
2025-10-15,MSFT,0,1,0.9449694
2025-10-15,NVDA,0,1,0.53238565
2025-10-15,PFE,0,1,0.54477537
2025-10-15,TSLA,1,1,0.76106006
2025-10-15,UNH,1,1,0.76512593
2025-10-15,WMT,1,1,0.81852806
2025-10-15,XOM,0,1,0.765483
2025-10-16,AAPL,0,1,0.941462
2025-10-16,AMZN,0,1,0.9179989
2025-10-16,BA,0,0,0.45493484
2025-10-16,BAC,0,1,0.8795381
2025-10-16,CAT,1,1,0.7543978
2025-10-16,CVX,0,1,0.90315765
2025-10-16,GOOGL,1,1,0.8669804
2025-10-16,GS,0,1,0.8848108
2025-10-16,JNJ,1,1,0.89557886
2025-10-16,JPM,0,1,0.5244147
2025-10-16,KO,1,1,0.9291655
2025-10-16,META,0,1,0.68468684
2025-10-16,MSFT,0,1,0.7737914
2025-10-16,NVDA,1,1,0.7311504
2025-10-16,PFE,0,0,0.48644534
2025-10-16,TSLA,0,0,0.18103558
2025-10-16,UNH,0,1,0.841478
2025-10-16,WMT,0,1,0.7318137
2025-10-16,XOM,0,1,0.726121
2025-10-17,AAPL,1,1,0.7850422
2025-10-17,AMZN,0,1,0.77506727
2025-10-17,BA,1,1,0.6618506
2025-10-17,BAC,1,1,0.6944289
2025-10-17,CAT,0,1,0.69294065
2025-10-17,CVX,1,1,0.81644416
2025-10-17,GOOGL,1,1,0.95913774
2025-10-17,GS,0,1,0.8867817
2025-10-17,JNJ,1,1,0.5575681
2025-10-17,JPM,0,1,0.84799993
2025-10-17,KO,1,0,0.4377958
2025-10-17,META,1,1,0.8769618
2025-10-17,MSFT,1,1,0.5491142
2025-10-17,NVDA,1,1,0.8245626
2025-10-17,PFE,1,0,0.4387306
2025-10-17,TSLA,1,0,0.44045255
2025-10-17,UNH,0,1,0.7986811
2025-10-17,WMT,1,1,0.6568638
2025-10-17,XOM,1,1,0.9086865
2025-10-20,AAPL,1,1,0.81921154
2025-10-20,AMZN,1,0,0.43557826
2025-10-20,BA,1,1,0.679294
2025-10-20,BAC,1,1,0.68700683
2025-10-20,CAT,1,1,0.9645327
2025-10-20,CVX,1,0,0.37542275
2025-10-20,GOOGL,1,1,0.8500424
2025-10-20,GS,1,0,0.47051254
2025-10-20,JNJ,1,1,0.5631057
2025-10-20,JPM,1,0,0.48748627
2025-10-20,KO,1,1,0.6954571
2025-10-20,META,1,0,0.4334188
2025-10-20,MSFT,1,1,0.5851945
2025-10-20,NVDA,0,1,0.7759677
2025-10-20,PFE,1,1,0.75554895
2025-10-20,TSLA,1,1,0.802122
2025-10-20,UNH,1,1,0.7262342
2025-10-20,WMT,0,1,0.8862622
2025-10-20,XOM,1,1,0.54082215
2025-10-21,AAPL,1,1,0.6959959
2025-10-21,AMZN,1,0,0.32832772
2025-10-21,BA,1,1,0.70357
2025-10-21,BAC,0,0,0.41337132
2025-10-21,CAT,0,0,0.08106572
2025-10-21,CVX,0,1,0.74257165
2025-10-21,GOOGL,0,1,0.689927
2025-10-21,GS,0,0,0.46207654
2025-10-21,JNJ,0,0,0.25130543
2025-10-21,JPM,0,1,0.5582484
2025-10-21,KO,1,1,0.7377634
2025-10-21,META,1,1,0.6315011
2025-10-21,MSFT,1,1,0.56958544
2025-10-21,NVDA,0,1,0.5895197
2025-10-21,PFE,1,1,0.82539976
2025-10-21,TSLA,0,1,0.60432535
2025-10-21,UNH,1,1,0.7453912
2025-10-21,WMT,0,1,0.6338979
2025-10-21,XOM,1,1,0.90756345
2025-10-22,AAPL,0,1,0.7326285
2025-10-22,AMZN,0,1,0.8289552
2025-10-22,BA,0,1,0.83348393
2025-10-22,BAC,0,1,0.7860548
2025-10-22,CAT,0,1,0.78740644
2025-10-22,CVX,1,1,0.61380863
2025-10-22,GOOGL,1,1,0.7669034
2025-10-22,GS,0,1,0.6892439
2025-10-22,JNJ,1,1,0.53514737
2025-10-22,JPM,0,1,0.83786213
2025-10-22,KO,0,0,0.46469992
2025-10-22,META,1,0,0.4448879
2025-10-22,MSFT,1,0,0.24116278
2025-10-22,NVDA,0,1,0.6420226
2025-10-22,PFE,0,1,0.89373827
2025-10-22,TSLA,0,1,0.8880301
2025-10-22,UNH,0,1,0.8736438
2025-10-22,WMT,1,0,0.37323117
2025-10-22,XOM,1,1,0.81877077
2025-10-23,AAPL,1,1,0.95837724
2025-10-23,AMZN,1,1,0.58889705
2025-10-23,BA,1,1,0.7284467
2025-10-23,BAC,1,0,0.46579456
2025-10-23,CAT,1,1,0.9213328
2025-10-23,CVX,1,1,0.8362658
2025-10-23,GOOGL,1,1,0.9580586
2025-10-23,GS,1,0,0.32936153
2025-10-23,JNJ,0,1,0.79427534
2025-10-23,JPM,1,1,0.7089965
2025-10-23,KO,0,1,0.64609385
2025-10-23,META,1,0,0.3809326
2025-10-23,MSFT,1,1,0.5350563
2025-10-23,NVDA,1,1,0.8190403
2025-10-23,PFE,0,1,0.84115875
2025-10-23,TSLA,1,0,0.49279368
2025-10-23,UNH,0,1,0.7429247
2025-10-23,WMT,0,1,0.5244348
2025-10-23,XOM,1,1,0.55971223
2025-10-24,AAPL,1,1,0.5816878
2025-10-24,AMZN,1,1,0.5270592
2025-10-24,BA,1,0,0.34523806
2025-10-24,BAC,1,0,0.36010313
2025-10-24,CAT,1,0,0.4699694
2025-10-24,CVX,0,0,0.4387882
2025-10-24,GOOGL,1,0,0.45214978
2025-10-24,GS,1,0,0.3082549
2025-10-24,JNJ,0,1,0.8728734
2025-10-24,JPM,1,1,0.87635565
2025-10-24,KO,0,0,0.44375342
2025-10-24,META,1,0,0.36265627
2025-10-24,MSFT,1,0,0.47342816
2025-10-24,NVDA,1,1,0.85247004
2025-10-24,PFE,1,1,0.5276418
2025-10-24,TSLA,0,1,0.5587124
2025-10-24,UNH,1,1,0.70453966
2025-10-24,WMT,0,1,0.8910721
2025-10-24,XOM,0,1,0.97062725
2025-10-27,AAPL,1,1,0.74162364
2025-10-27,AMZN,1,1,0.52114564
2025-10-27,BA,1,1,0.9715943
2025-10-27,BAC,1,1,0.7333491
2025-10-27,CAT,1,1,0.8769355
2025-10-27,CVX,0,1,0.78445125
2025-10-27,GOOGL,1,1,0.8216098
2025-10-27,GS,1,0,0.1193935
2025-10-27,JNJ,0,1,0.5985679
2025-10-27,JPM,1,1,0.92574525
2025-10-27,KO,1,0,0.46150854
2025-10-27,META,1,1,0.79466397
2025-10-27,MSFT,1,0,0.31321043
2025-10-27,NVDA,1,1,0.9323934
2025-10-27,PFE,1,1,0.8746335
2025-10-27,TSLA,1,1,0.70181197
2025-10-27,UNH,1,1,0.86105025
2025-10-27,WMT,0,0,0.37472126
2025-10-27,XOM,1,1,0.7093854
2025-10-28,AAPL,1,1,0.6680814
2025-10-28,AMZN,1,0,0.4156547
2025-10-28,BA,1,1,0.88398564
2025-10-28,BAC,0,1,0.68320554
2025-10-28,CAT,0,1,0.52976894
2025-10-28,CVX,0,1,0.712272
2025-10-28,GOOGL,0,0,0.4217382
2025-10-28,GS,1,1,0.7029751
2025-10-28,JNJ,0,1,0.5933519
2025-10-28,JPM,1,1,0.695785
2025-10-28,KO,1,0,0.47901443
2025-10-28,META,1,1,0.9063126
2025-10-28,MSFT,1,1,0.8708803
2025-10-28,NVDA,1,0,0.49992216
2025-10-28,PFE,0,1,0.9663736
2025-10-28,TSLA,1,1,0.6664203
2025-10-28,UNH,1,1,0.712714
2025-10-28,WMT,0,1,0.65085155
2025-10-28,XOM,0,0,0.3480254
2025-10-29,AAPL,1,1,0.7014914
2025-10-29,AMZN,1,1,0.8800422
2025-10-29,BA,0,1,0.6971984
2025-10-29,BAC,0,1,0.82228106
2025-10-29,CAT,1,1,0.5048359
2025-10-29,CVX,1,1,0.8757225
2025-10-29,GOOGL,1,1,0.54439276
2025-10-29,GS,0,1,0.695082
2025-10-29,JNJ,0,1,0.7456067
2025-10-29,JPM,1,1,0.8251383
2025-10-29,KO,0,0,0.25508922
2025-10-29,META,1,1,0.8662889
2025-10-29,MSFT,0,0,0.4686835
2025-10-29,NVDA,1,0,0.2671603
2025-10-29,PFE,0,1,0.6257872
2025-10-29,TSLA,1,0,0.475168
2025-10-29,UNH,0,0,0.1219021
2025-10-29,WMT,0,1,0.5515231
2025-10-29,XOM,1,1,0.5597358
2025-10-30,AAPL,1,1,0.7753845
2025-10-30,AMZN,0,1,0.6812372
2025-10-30,BA,0,1,0.73465294
2025-10-30,BAC,1,1,0.7621957
2025-10-30,CAT,0,1,0.52159417
2025-10-30,CVX,0,1,0.6726793
2025-10-30,GOOGL,1,1,0.75816864
2025-10-30,GS,1,1,0.56287724
2025-10-30,JNJ,1,1,0.7211047
2025-10-30,JPM,1,1,0.6635364
2025-10-30,KO,1,0,0.16281907
2025-10-30,META,0,1,0.6392601
2025-10-30,MSFT,0,1,0.9507173
2025-10-30,NVDA,0,1,0.7245017
2025-10-30,PFE,1,1,0.8777879
2025-10-30,TSLA,0,1,0.7692102
2025-10-30,UNH,0,1,0.6055083
2025-10-30,WMT,0,1,0.7911361
2025-10-30,XOM,0,0,0.22847377
2025-10-31,AAPL,0,1,0.7910972
2025-10-31,AMZN,1,1,0.69344085
2025-10-31,BA,1,0,0.45184797
2025-10-31,BAC,1,1,0.8675563
2025-10-31,CAT,0,1,0.53452414
2025-10-31,CVX,1,1,0.78925663
2025-10-31,GOOGL,0,0,0.28825653
2025-10-31,GS,0,1,0.7859647
2025-10-31,JNJ,0,1,0.80730075
2025-10-31,JPM,1,1,0.50843596
2025-10-31,KO,0,1,0.67509454
2025-10-31,META,0,1,0.8769
2025-10-31,MSFT,0,1,0.81695133
2025-10-31,NVDA,0,1,0.5560388
2025-10-31,PFE,1,1,0.8230892
2025-10-31,TSLA,1,1,0.6611339
2025-10-31,UNH,0,1,0.88504773
2025-10-31,WMT,0,1,0.7537075
2025-10-31,XOM,0,1,0.93808264
2025-11-03,AAPL,0,1,0.54301316
2025-11-03,AMZN,1,1,0.8355144
2025-11-03,BA,1,1,0.84650636
2025-11-03,BAC,1,1,0.893983
2025-11-03,CAT,0,0,0.13854688
2025-11-03,CVX,0,1,0.60064906
2025-11-03,GOOGL,1,1,0.7179468
2025-11-03,GS,0,1,0.97262615
2025-11-03,JNJ,0,0,0.36703086
2025-11-03,JPM,0,1,0.7479705
2025-11-03,KO,0,1,0.75572383
2025-11-03,META,0,1,0.83055675
2025-11-03,MSFT,0,0,0.49682006
2025-11-03,NVDA,1,1,0.563342
2025-11-03,PFE,1,1,0.63292253
2025-11-03,TSLA,1,0,0.4905356
2025-11-03,UNH,0,1,0.7592099
2025-11-03,WMT,1,1,0.71701217
2025-11-03,XOM,0,0,0.25002947
2025-11-04,AAPL,1,1,0.5977331
2025-11-04,AMZN,0,1,0.6414303
2025-11-04,BA,0,1,0.78921044
2025-11-04,BAC,0,1,0.843538
2025-11-04,CAT,0,0,0.17761126
2025-11-04,CVX,0,0,0.40419188
2025-11-04,GOOGL,0,1,0.85956234
2025-11-04,GS,1,1,0.66783684
2025-11-04,JNJ,1,0,0.3409017
2025-11-04,JPM,0,1,0.5183581
2025-11-04,KO,1,0,0.3631763
2025-11-04,META,0,1,0.6806534
2025-11-04,MSFT,0,0,0.4370775
2025-11-04,NVDA,0,0,0.29696995
2025-11-04,PFE,0,1,0.8182889
2025-11-04,TSLA,0,1,0.5108027
2025-11-04,UNH,0,1,0.6028658
2025-11-04,WMT,1,1,0.68535936
2025-11-04,XOM,1,0,0.23904
2025-11-05,AAPL,1,1,0.66474414
2025-11-05,AMZN,1,1,0.843231
2025-11-05,BA,0,1,0.955412
2025-11-05,BAC,0,1,0.7276748
2025-11-05,CAT,1,0,0.20102821
2025-11-05,CVX,0,0,0.17075795
2025-11-05,GOOGL,1,1,0.6624978
2025-11-05,GS,1,1,0.6127713
2025-11-05,JNJ,0,0,0.4306073
2025-11-05,JPM,1,0,0.18449622
2025-11-05,KO,0,0,0.27301148
2025-11-05,META,1,0,0.13892984
2025-11-05,MSFT,0,1,0.5502037
2025-11-05,NVDA,0,0,0.45421156
2025-11-05,PFE,1,1,0.6366341
2025-11-05,TSLA,1,1,0.86616653
2025-11-05,UNH,0,0,0.43163833
2025-11-05,WMT,0,0,0.31635076
2025-11-05,XOM,0,0,0.46620768
2025-11-06,AAPL,0,1,0.5745503
2025-11-06,AMZN,0,0,0.45471925
2025-11-06,BA,0,0,0.41826254
2025-11-06,BAC,1,0,0.28474495
2025-11-06,CAT,1,1,0.61766076
2025-11-06,CVX,1,1,0.5271657
2025-11-06,GOOGL,1,1,0.7477134
2025-11-06,GS,0,1,0.73287195
2025-11-06,JNJ,1,1,0.84447896
2025-11-06,JPM,1,1,0.59322
2025-11-06,KO,1,1,0.5943325
2025-11-06,META,0,0,0.10028355
2025-11-06,MSFT,0,0,0.187256
2025-11-06,NVDA,0,1,0.83356273
2025-11-06,PFE,1,1,0.6380013
2025-11-06,TSLA,0,0,0.46854392
2025-11-06,UNH,0,0,0.20005406
2025-11-06,WMT,1,0,0.3517392
2025-11-06,XOM,1,0,0.37071946
2025-11-07,AAPL,0,1,0.8436833
2025-11-07,AMZN,1,0,0.27777824
2025-11-07,BA,0,1,0.7058285
2025-11-07,BAC,0,1,0.90961444
2025-11-07,CAT,0,0,0.46032292
2025-11-07,CVX,1,1,0.5689157
2025-11-07,GOOGL,0,1,0.6528296
2025-11-07,GS,0,0,0.41649932
2025-11-07,JNJ,0,1,0.90355575
2025-11-07,JPM,1,1,0.73670024
2025-11-07,KO,1,0,0.32017
2025-11-07,META,1,1,0.68779314
2025-11-07,MSFT,0,1,0.8550037
2025-11-07,NVDA,1,1,0.8427919
2025-11-07,PFE,1,1,0.91259
2025-11-07,TSLA,0,1,0.7357148
2025-11-07,UNH,1,1,0.5706872
2025-11-07,WMT,1,1,0.9267342
2025-11-07,XOM,1,1,0.5054375
2025-11-10,AAPL,1,0,0.44828123
2025-11-10,AMZN,1,1,0.5677153
2025-11-10,BA,1,0,0.27587813
2025-11-10,BAC,1,0,0.1786757
2025-11-10,CAT,1,1,0.7937091
2025-11-10,CVX,1,1,0.6015797
2025-11-10,GOOGL,1,1,0.83366555
2025-11-10,GS,1,1,0.5317101
2025-11-10,JNJ,1,0,0.4420556
2025-11-10,JPM,1,0,0.36965728
2025-11-10,KO,0,0,0.3974026
2025-11-10,META,1,1,0.8124416
2025-11-10,MSFT,1,0,0.34530222
2025-11-10,NVDA,1,0,0.4672113
2025-11-10,PFE,0,1,0.7585033
2025-11-10,TSLA,1,0,0.33132863
2025-11-10,UNH,0,0,0.19888717
2025-11-10,WMT,0,1,0.7410957
2025-11-10,XOM,1,1,0.52104586
2025-11-11,AAPL,1,0,0.4137318
2025-11-11,AMZN,1,0,0.17322445
2025-11-11,BA,1,1,0.5221818
2025-11-11,BAC,1,1,0.71092474
2025-11-11,CAT,0,0,0.3091035
2025-11-11,CVX,1,0,0.3913381
2025-11-11,GOOGL,1,0,0.41840172
2025-11-11,GS,1,0,0.17472506
2025-11-11,JNJ,1,0,0.31650537
2025-11-11,JPM,0,0,0.18510821
2025-11-11,KO,1,0,0.17864792
2025-11-11,META,0,1,0.59529036
2025-11-11,MSFT,1,0,0.10917189
2025-11-11,NVDA,0,1,0.6146853
2025-11-11,PFE,1,1,0.81981444
2025-11-11,TSLA,0,0,0.076284565
2025-11-11,UNH,1,0,0.34724128
2025-11-11,WMT,1,1,0.7755263
2025-11-11,XOM,1,1,0.5103301
2025-11-12,AAPL,0,0,0.45738405
2025-11-12,AMZN,0,1,0.85144395
2025-11-12,BA,1,1,0.92426646
2025-11-12,BAC,1,1,0.8918255
2025-11-12,CAT,1,1,0.5009869
2025-11-12,CVX,0,0,0.48802948
2025-11-12,GOOGL,0,1,0.6141667
2025-11-12,GS,1,0,0.43836358
2025-11-12,JNJ,1,1,0.7187652
2025-11-12,JPM,1,0,0.33995917
2025-11-12,KO,0,1,0.5592847
2025-11-12,META,0,1,0.73607653
2025-11-12,MSFT,1,1,0.6380199
2025-11-12,NVDA,1,1,0.6585338
2025-11-12,PFE,1,0,0.45725918
2025-11-12,TSLA,0,1,0.73430693
2025-11-12,UNH,1,1,0.83381677
2025-11-12,WMT,1,0,0.461047
2025-11-12,XOM,0,1,0.7876658
2025-11-13,AAPL,0,1,0.6726663
2025-11-13,AMZN,0,1,0.9307872
2025-11-13,BA,0,1,0.7548481
2025-11-13,BAC,0,1,0.7753925
2025-11-13,CAT,0,0,0.27304655
2025-11-13,CVX,1,1,0.59233123
2025-11-13,GOOGL,0,1,0.6950223
2025-11-13,GS,0,1,0.6386742
2025-11-13,JNJ,1,1,0.5851893
2025-11-13,JPM,0,1,0.502135
2025-11-13,KO,0,0,0.14405498
2025-11-13,META,1,1,0.7740662
2025-11-13,MSFT,0,1,0.851773
2025-11-13,NVDA,0,0,0.41049603
2025-11-13,PFE,0,0,0.31699678
2025-11-13,TSLA,0,1,0.75398767
2025-11-13,UNH,0,1,0.60826683
2025-11-13,WMT,0,1,0.7734691
2025-11-13,XOM,1,1,0.7287858
2025-11-14,AAPL,0,1,0.91882634
2025-11-14,AMZN,0,1,0.89196986
2025-11-14,BA,0,1,0.8509033
2025-11-14,BAC,0,1,0.73761386
2025-11-14,CAT,1,1,0.78230524
2025-11-14,CVX,1,1,0.9303175
2025-11-14,GOOGL,0,1,0.5671765
2025-11-14,GS,0,1,0.96334875
2025-11-14,JNJ,1,1,0.818324
2025-11-14,JPM,0,0,0.486044
2025-11-14,KO,1,1,0.52825063
2025-11-14,META,0,1,0.6125877
2025-11-14,MSFT,1,1,0.8644647
2025-11-14,NVDA,1,1,0.6485862
2025-11-14,PFE,0,1,0.93258566
2025-11-14,TSLA,1,1,0.6160942
2025-11-14,UNH,0,1,0.64359397
2025-11-14,WMT,0,1,0.9701048
2025-11-14,XOM,1,1,0.8926445
2025-11-17,AAPL,0,1,0.74187964
2025-11-17,AMZN,0,1,0.8714406
2025-11-17,BA,0,1,0.55401033
2025-11-17,BAC,0,1,0.55037314
2025-11-17,CAT,0,0,0.38381344
2025-11-17,CVX,0,1,0.8020482
2025-11-17,GOOGL,1,1,0.6658216
2025-11-17,GS,0,1,0.9598154
2025-11-17,JNJ,1,1,0.6922779
2025-11-17,JPM,0,1,0.6507674
2025-11-17,KO,0,1,0.6562815
2025-11-17,META,0,0,0.42752042
2025-11-17,MSFT,0,1,0.5760923
2025-11-17,NVDA,0,1,0.7209059
2025-11-17,PFE,1,1,0.5121325
2025-11-17,TSLA,1,1,0.5319331
2025-11-17,UNH,0,1,0.8187421
2025-11-17,WMT,1,1,0.87763
2025-11-17,XOM,0,1,0.79573977
2025-11-18,AAPL,0,1,0.919629
2025-11-18,AMZN,0,1,0.8831764
2025-11-18,BA,0,1,0.90845305
2025-11-18,BAC,1,1,0.8155009
2025-11-18,CAT,0,1,0.7967485
2025-11-18,CVX,1,1,0.8879506
2025-11-18,GOOGL,0,1,0.6931102
2025-11-18,GS,1,1,0.73618376
2025-11-18,JNJ,1,1,0.878764
2025-11-18,JPM,0,1,0.80390614
2025-11-18,KO,1,1,0.74031585
2025-11-18,META,0,1,0.5129709
2025-11-18,MSFT,0,1,0.8185382
2025-11-18,NVDA,0,1,0.75598484
2025-11-18,PFE,1,1,0.8880706
2025-11-18,TSLA,0,1,0.8566474
2025-11-18,UNH,0,1,0.83546996
2025-11-18,WMT,0,1,0.86524016
2025-11-18,XOM,1,1,0.7144923
2025-11-19,AAPL,1,1,0.7968889
2025-11-19,AMZN,1,1,0.51281315
2025-11-19,BA,0,0,0.36187553
2025-11-19,BAC,1,1,0.7593515
2025-11-19,CAT,1,1,0.9493779
2025-11-19,CVX,0,1,0.8848974
2025-11-19,GOOGL,1,1,0.89651704
2025-11-19,GS,1,0,0.2903547
2025-11-19,JNJ,1,1,0.6721298
2025-11-19,JPM,1,1,0.8764378
2025-11-19,KO,0,1,0.84560597
2025-11-19,META,0,1,0.77573943
2025-11-19,MSFT,0,1,0.8701378
2025-11-19,NVDA,1,1,0.5604079
2025-11-19,PFE,0,1,0.7841556
2025-11-19,TSLA,1,1,0.7008603
2025-11-19,UNH,0,1,0.6622823
2025-11-19,WMT,0,0,0.37468365
2025-11-19,XOM,0,1,0.7391408
2025-11-20,AAPL,0,0,0.48788813
2025-11-20,AMZN,0,1,0.94562805
2025-11-20,BA,0,1,0.8499448
2025-11-20,BAC,0,1,0.8981971
2025-11-20,CAT,0,1,0.63991004
2025-11-20,CVX,0,1,0.63792217
2025-11-20,GOOGL,0,1,0.52450854
2025-11-20,GS,0,0,0.43162054
2025-11-20,JNJ,1,1,0.77766454
2025-11-20,JPM,0,1,0.75167996
2025-11-20,KO,1,0,0.42875987
2025-11-20,META,0,0,0.15907578
2025-11-20,MSFT,0,0,0.24153014
2025-11-20,NVDA,0,0,0.36113268
2025-11-20,PFE,0,1,0.63705766
2025-11-20,TSLA,0,0,0.48957518
2025-11-20,UNH,1,0,0.14338474
2025-11-20,WMT,1,0,0.3449161
2025-11-20,XOM,0,0,0.2874731
2025-11-21,AAPL,1,0,0.48589164
2025-11-21,AMZN,1,1,0.76786673
2025-11-21,BA,1,1,0.87782377
2025-11-21,BAC,1,1,0.83364934
2025-11-21,CAT,1,1,0.63642603
2025-11-21,CVX,0,1,0.82764304
2025-11-21,GOOGL,1,0,0.35015416
2025-11-21,GS,1,1,0.7631571
2025-11-21,JNJ,1,1,0.9450501
2025-11-21,JPM,0,1,0.94724786
2025-11-21,KO,1,1,0.86157495
2025-11-21,META,1,0,0.30941316
2025-11-21,MSFT,0,1,0.8645808
2025-11-21,NVDA,0,1,0.8558427
2025-11-21,PFE,1,0,0.4586399
2025-11-21,TSLA,0,1,0.7247724
2025-11-21,UNH,1,0,0.46573746
2025-11-21,WMT,0,0,0.3609809
2025-11-21,XOM,1,1,0.78253096
2025-11-24,AAPL,1,0,0.3141929
2025-11-24,AMZN,1,0,0.22785681
2025-11-24,BA,0,1,0.6356628
2025-11-24,BAC,1,0,0.4273315
2025-11-24,CAT,1,1,0.7594612
2025-11-24,CVX,0,1,0.83658695
2025-11-24,GOOGL,1,0,0.18845953
2025-11-24,GS,1,1,0.63511395
2025-11-24,JNJ,1,0,0.49433103
2025-11-24,JPM,0,1,0.53578174
2025-11-24,KO,0,0,0.44998124
2025-11-24,META,1,0,0.4782805
2025-11-24,MSFT,1,0,0.28151974
2025-11-24,NVDA,1,1,0.76582664
2025-11-24,PFE,1,1,0.77104074
2025-11-24,TSLA,1,1,0.7730216
2025-11-24,UNH,0,1,0.8456623
2025-11-24,WMT,0,1,0.57625836
2025-11-24,XOM,0,0,0.33189943
2025-11-25,AAPL,1,1,0.96688765
2025-11-25,AMZN,1,0,0.3288474
2025-11-25,BA,1,0,0.29212028
2025-11-25,BAC,1,1,0.5439176
2025-11-25,CAT,1,1,0.635353
2025-11-25,CVX,0,1,0.74862754
2025-11-25,GOOGL,1,1,0.8117794
2025-11-25,GS,1,1,0.7300907
2025-11-25,JNJ,1,0,0.47701302
2025-11-25,JPM,1,1,0.73412573
2025-11-25,KO,1,0,0.44619614
2025-11-25,META,1,0,0.26935557
2025-11-25,MSFT,1,1,0.84851927
2025-11-25,NVDA,0,1,0.5480496
2025-11-25,PFE,1,1,0.7026514
2025-11-25,TSLA,1,1,0.8246812
2025-11-25,UNH,1,1,0.805993
2025-11-25,WMT,1,1,0.57854456
2025-11-25,XOM,0,1,0.6733123
2025-11-26,AAPL,1,1,0.7536698
2025-11-26,AMZN,0,1,0.95982164
2025-11-26,BA,1,1,0.53026134
2025-11-26,BAC,1,1,0.5424304
2025-11-26,CAT,1,0,0.42139202
2025-11-26,CVX,1,1,0.9500008
2025-11-26,GOOGL,0,1,0.5550523
2025-11-26,GS,1,1,0.8360802
2025-11-26,JPM,1,1,0.60450906
2025-11-26,KO,1,1,0.8686601
2025-11-26,META,0,0,0.30027574
2025-11-26,MSFT,1,1,0.7593139
2025-11-26,NVDA,1,1,0.6122286
2025-11-26,PFE,0,1,0.6037145
2025-11-26,TSLA,1,1,0.624071
2025-11-26,UNH,1,1,0.5885874
2025-11-26,WMT,1,1,0.8662134
2025-11-26,XOM,1,1,0.90152943
2025-11-28,AAPL,1,1,0.6771469
2025-11-28,AMZN,1,1,0.69593626
2025-11-28,BA,1,1,0.7169257
2025-11-28,BAC,1,1,0.57250136
2025-11-28,CAT,1,1,0.5597122
2025-11-28,CVX,1,1,0.7032236
2025-11-28,GOOGL,1,1,0.5692097
2025-11-28,GS,1,1,0.60096765
2025-11-28,JPM,1,0,0.4961417
2025-11-28,KO,1,1,0.83661777
2025-11-28,META,1,0,0.4646937
2025-11-28,MSFT,1,1,0.8323898
2025-11-28,NVDA,0,0,0.39181608
2025-11-28,PFE,1,0,0.2973288
2025-11-28,TSLA,1,0,0.050904855
2025-11-28,UNH,1,1,0.6086834
2025-11-28,WMT,1,0,0.29648647
2025-11-28,XOM,1,1,0.90939265
2025-12-01,AAPL,1,1,0.88146085
2025-12-01,AMZN,1,0,0.361015
2025-12-01,BA,0,1,0.8241057
2025-12-01,BAC,0,1,0.71952105
2025-12-01,CAT,0,1,0.5779974
2025-12-01,CVX,1,1,0.94702625
2025-12-01,GOOGL,0,1,0.7124031
2025-12-01,GS,0,0,0.41958028
2025-12-01,JNJ,0,1,0.57287866
2025-12-01,JPM,0,0,0.48180398
2025-12-01,KO,0,1,0.91861343
2025-12-01,META,0,1,0.6042771
2025-12-01,MSFT,0,1,0.91745204
2025-12-01,NVDA,1,1,0.791086
2025-12-01,PFE,0,0,0.25008294
2025-12-01,TSLA,0,0,0.46992487
2025-12-01,UNH,0,1,0.69322664
2025-12-01,WMT,1,1,0.61245286
2025-12-01,XOM,1,1,0.8407225
2025-12-02,AAPL,1,1,0.8556207
2025-12-02,AMZN,1,1,0.770734
2025-12-02,BA,1,1,0.9427524
2025-12-02,BAC,0,1,0.51566994
2025-12-02,CAT,1,0,0.45568818
2025-12-02,CVX,0,1,0.5085016
2025-12-02,GOOGL,1,1,0.864987
2025-12-02,GS,1,0,0.31991464
2025-12-02,JNJ,1,1,0.7557619
2025-12-02,JPM,0,1,0.9352451
2025-12-02,KO,0,0,0.41108045
2025-12-02,META,1,1,0.5899227
2025-12-02,MSFT,1,1,0.9302063
2025-12-02,NVDA,1,0,0.48579186
2025-12-02,PFE,0,0,0.3613176
2025-12-02,TSLA,0,0,0.3710155
2025-12-02,UNH,1,0,0.4442994
2025-12-02,WMT,1,1,0.74143505
2025-12-02,XOM,0,1,0.6606728
2025-12-03,AAPL,0,1,0.73176193
2025-12-03,AMZN,0,1,0.84600496
2025-12-03,BA,0,0,0.32931793
2025-12-03,BAC,1,1,0.9380419
2025-12-03,CAT,1,1,0.73559284
2025-12-03,CVX,1,1,0.66441804
2025-12-03,GOOGL,1,1,0.8106312
2025-12-03,GS,1,1,0.9462741
2025-12-03,JNJ,0,1,0.90149915
2025-12-03,JPM,1,1,0.8188795
2025-12-03,KO,1,1,0.60244
2025-12-03,META,0,0,0.24715544
2025-12-03,MSFT,0,1,0.9160168
2025-12-03,NVDA,0,1,0.6145648
2025-12-03,PFE,1,1,0.9256219
2025-12-03,TSLA,1,1,0.7323029
2025-12-03,UNH,1,1,0.647661
2025-12-03,WMT,1,1,0.7178313
2025-12-03,XOM,1,1,0.77860236
2025-12-04,AAPL,0,1,0.63351303
2025-12-04,AMZN,0,1,0.6601926
2025-12-04,BA,0,0,0.3881612
2025-12-04,BAC,1,1,0.57465833
2025-12-04,CAT,1,1,0.88106173
2025-12-04,CVX,1,1,0.592796
2025-12-04,GOOGL,0,1,0.6848895
2025-12-04,GS,1,1,0.7410758
2025-12-04,JNJ,0,0,0.327985
2025-12-04,JPM,1,1,0.9214518
2025-12-04,KO,0,1,0.5803322
2025-12-04,META,1,1,0.8627564
2025-12-04,MSFT,1,1,0.6992849
2025-12-04,NVDA,1,1,0.9458751
2025-12-04,PFE,1,1,0.7827005
2025-12-04,TSLA,1,1,0.7000806
2025-12-04,UNH,0,0,0.4795227
2025-12-04,WMT,1,1,0.72345054
2025-12-04,XOM,0,1,0.8248654
2025-12-05,AAPL,0,0,0.4537692
2025-12-05,AMZN,1,1,0.7882873
2025-12-05,BA,1,0,0.11078681
2025-12-05,BAC,1,1,0.732952
2025-12-05,CAT,1,1,0.89018893
2025-12-05,CVX,0,1,0.87687415
2025-12-05,GOOGL,1,0,0.23423344
2025-12-05,GS,1,1,0.7718857
2025-12-05,JNJ,0,0,0.13794741
2025-12-05,JPM,0,1,0.5868545
2025-12-05,KO,0,1,0.61565113
2025-12-05,META,1,1,0.9574136
2025-12-05,MSFT,1,1,0.8268374
2025-12-05,NVDA,0,1,0.709545
2025-12-05,PFE,1,1,0.7567342
2025-12-05,TSLA,1,1,0.7066234
2025-12-05,UNH,0,0,0.4758062
2025-12-05,WMT,1,1,0.8191401
2025-12-05,XOM,0,1,0.6481472
2025-12-08,AAPL,0,1,0.7834885
2025-12-08,AMZN,0,1,0.8566402
2025-12-08,BA,1,1,0.6638364
2025-12-08,BAC,0,0,0.26178867
2025-12-08,CAT,0,1,0.8836626
2025-12-08,CVX,0,0,0.44503364
2025-12-08,GOOGL,0,1,0.5070756
2025-12-08,GS,1,1,0.8133447
2025-12-08,JNJ,0,1,0.834065
2025-12-08,JPM,1,1,0.6042344
2025-12-08,KO,1,1,0.82106656
2025-12-08,META,0,1,0.9421439
2025-12-08,MSFT,1,1,0.7556159
2025-12-08,NVDA,1,1,0.8118938
2025-12-08,PFE,0,0,0.33065584
2025-12-08,TSLA,0,1,0.66691494
2025-12-08,UNH,0,1,0.64154744
2025-12-08,WMT,0,1,0.91540813
2025-12-08,XOM,0,0,0.49460363
2025-12-09,AAPL,0,1,0.95126903
2025-12-09,AMZN,1,1,0.93658626
2025-12-09,BA,0,0,0.3279623
2025-12-09,BAC,0,1,0.7367216
2025-12-09,CAT,0,1,0.9194848
2025-12-09,CVX,0,1,0.77311033
2025-12-09,GOOGL,1,1,0.68234974
2025-12-09,GS,1,1,0.8228237
2025-12-09,JNJ,0,1,0.63361424
2025-12-09,JPM,0,1,0.86707336
2025-12-09,KO,0,1,0.60242784
2025-12-09,META,0,0,0.49039462
2025-12-09,MSFT,1,1,0.8105128
2025-12-09,NVDA,0,1,0.89695144
2025-12-09,PFE,0,1,0.61202294
2025-12-09,TSLA,1,1,0.6710864
2025-12-09,UNH,0,1,0.5142384
2025-12-09,WMT,1,1,0.82922494
2025-12-09,XOM,1,1,0.7558103
2025-12-10,AAPL,1,1,0.929821
2025-12-10,AMZN,1,1,0.81946456
2025-12-10,BA,0,1,0.69589335
2025-12-10,BAC,1,1,0.6866794
2025-12-10,CAT,1,1,0.68275726
2025-12-10,CVX,1,1,0.67987424
2025-12-10,GOOGL,1,0,0.4064445
2025-12-10,GS,1,1,0.7045086
2025-12-10,JNJ,1,1,0.73233366
2025-12-10,JPM,1,0,0.23469196
2025-12-10,KO,1,0,0.47527418
2025-12-10,META,0,0,0.07036156
2025-12-10,MSFT,0,1,0.6672647
2025-12-10,NVDA,0,1,0.7954277
2025-12-10,PFE,1,1,0.8161471
2025-12-10,TSLA,1,1,0.83409244
2025-12-10,UNH,1,0,0.34202838
2025-12-10,WMT,0,1,0.5245858
2025-12-10,XOM,1,1,0.5160519
2025-12-11,AAPL,0,0,0.19923481
2025-12-11,AMZN,0,1,0.7436177
2025-12-11,BA,1,1,0.6020983
2025-12-11,BAC,1,0,0.29670212
2025-12-11,CAT,1,1,0.78751737
2025-12-11,CVX,0,1,0.5627311
2025-12-11,GOOGL,0,1,0.6279434
2025-12-11,GS,1,1,0.8963228
2025-12-11,JNJ,1,0,0.42522615
2025-12-11,JPM,1,1,0.77257454
2025-12-11,KO,0,1,0.5994646
2025-12-11,META,1,1,0.61798906
2025-12-11,MSFT,1,1,0.72250766
2025-12-11,NVDA,0,0,0.3561812
2025-12-11,PFE,1,1,0.81779873
2025-12-11,TSLA,0,1,0.5992931
2025-12-11,UNH,1,1,0.8543772
2025-12-11,WMT,1,1,0.678105
2025-12-11,XOM,1,1,0.7659967
2025-12-12,AAPL,1,0,0.32815307
2025-12-12,AMZN,0,1,0.6091713
2025-12-12,BA,1,1,0.63573253
2025-12-12,BAC,1,1,0.7982673
2025-12-12,CAT,0,1,0.8571079
2025-12-12,CVX,0,1,0.94658536
2025-12-12,GOOGL,0,1,0.56770146
2025-12-12,GS,0,1,0.864172
2025-12-12,JNJ,1,1,0.83546746
2025-12-12,JPM,1,1,0.91191834
2025-12-12,KO,1,1,0.8504133
2025-12-12,META,0,1,0.82701033
2025-12-12,MSFT,0,1,0.8844814
2025-12-12,NVDA,0,1,0.7699296
2025-12-12,PFE,1,1,0.51679426
2025-12-12,TSLA,1,1,0.51416695
2025-12-12,UNH,1,1,0.8355101
2025-12-12,WMT,1,1,0.6196907
2025-12-12,XOM,0,1,0.97569793
2025-12-15,AAPL,0,0,0.2202822
2025-12-15,AMZN,0,0,0.25118753
2025-12-15,BA,1,1,0.7521082
2025-12-15,BAC,1,1,0.72523683
2025-12-15,CAT,0,1,0.6496603
2025-12-15,CVX,0,1,0.583066
2025-12-15,GOOGL,0,0,0.16117813
2025-12-15,GS,1,0,0.2831002
2025-12-15,JNJ,1,1,0.89115727
2025-12-15,JPM,1,1,0.9679091
2025-12-15,KO,1,1,0.69433844
2025-12-15,META,1,0,0.4238501
2025-12-15,MSFT,0,0,0.44020453
2025-12-15,NVDA,1,1,0.7699474
2025-12-15,PFE,1,1,0.51165664
2025-12-15,TSLA,1,0,0.44429916
2025-12-15,UNH,0,1,0.8035719
2025-12-15,WMT,1,1,0.85077876
2025-12-15,XOM,0,1,0.67788106
2025-12-16,AAPL,1,1,0.8067791
2025-12-16,AMZN,1,0,0.42845267
2025-12-16,BA,1,0,0.3104024
2025-12-16,BAC,0,1,0.5616079
2025-12-16,CAT,0,1,0.84002274
2025-12-16,CVX,0,1,0.81364226
2025-12-16,GOOGL,0,0,0.13084166
2025-12-16,GS,0,1,0.60084784
2025-12-16,JNJ,0,1,0.85159236
2025-12-16,JPM,0,1,0.9440976
2025-12-16,KO,0,1,0.6292767
2025-12-16,META,1,1,0.94015616
2025-12-16,MSFT,1,0,0.43780196
2025-12-16,NVDA,1,1,0.9028849
2025-12-16,PFE,0,1,0.7199874
2025-12-16,TSLA,1,0,0.42176208
2025-12-16,UNH,0,1,0.80866975
2025-12-16,WMT,0,1,0.9124226
2025-12-16,XOM,0,1,0.9196016
2025-12-17,AAPL,0,1,0.71343964
2025-12-17,AMZN,0,1,0.8904584
2025-12-17,BA,0,1,0.71924955
2025-12-17,BAC,0,1,0.72218716
2025-12-17,CAT,0,0,0.4723593
2025-12-17,CVX,1,1,0.61797166
2025-12-17,GOOGL,0,0,0.07992149
2025-12-17,GS,0,1,0.5967958
2025-12-17,JNJ,1,0,0.48955128
2025-12-17,JPM,0,1,0.7131554
2025-12-17,KO,1,1,0.70813346
2025-12-17,META,0,1,0.77639556
2025-12-17,MSFT,0,1,0.69618136
2025-12-17,NVDA,0,1,0.59411633
2025-12-17,PFE,0,1,0.51279956
2025-12-17,TSLA,0,1,0.65072876
2025-12-17,UNH,0,1,0.58017594
2025-12-17,WMT,1,1,0.57472616
2025-12-17,XOM,1,0,0.3494356
2025-12-18,AAPL,1,0,0.3595396
2025-12-18,AMZN,1,1,0.7880943
2025-12-18,BA,1,1,0.79022455
2025-12-18,BAC,0,1,0.788557
2025-12-18,CAT,1,1,0.8794449
2025-12-18,CVX,0,0,0.1263512
2025-12-18,GOOGL,1,1,0.9218604
2025-12-18,GS,1,1,0.74192226
2025-12-18,JNJ,0,0,0.48070985
2025-12-18,JPM,0,1,0.5104803
2025-12-18,KO,0,0,0.21909116
2025-12-18,META,1,1,0.80069035
2025-12-18,MSFT,1,1,0.80376166
2025-12-18,NVDA,1,1,0.8669783
2025-12-18,PFE,1,0,0.33485287
2025-12-18,TSLA,1,0,0.4864353
2025-12-18,UNH,0,1,0.515333
2025-12-18,WMT,0,0,0.38802326
2025-12-18,XOM,0,0,0.21720599
2025-12-19,AAPL,1,1,0.72772163
2025-12-19,AMZN,1,0,0.4708927
2025-12-19,BA,1,1,0.85211796
2025-12-19,BAC,1,1,0.73450136
2025-12-19,CAT,1,1,0.9016374
2025-12-19,CVX,1,1,0.5966403
2025-12-19,GOOGL,1,1,0.97286195
2025-12-19,GS,1,1,0.9384996
2025-12-19,JNJ,0,1,0.8029302
2025-12-19,JPM,1,0,0.46374935
2025-12-19,KO,0,1,0.83893245
2025-12-19,META,0,1,0.8278108
2025-12-19,MSFT,1,1,0.53355163
2025-12-19,NVDA,1,1,0.86401415
2025-12-19,PFE,1,1,0.6472593
2025-12-19,TSLA,0,1,0.505023
2025-12-19,UNH,0,1,0.645912
2025-12-19,WMT,0,0,0.451913
2025-12-19,XOM,1,0,0.35720792
2025-12-22,AAPL,0,0,0.19751714
2025-12-22,AMZN,1,0,0.49871632
2025-12-22,BA,1,1,0.76197267
2025-12-22,BAC,1,1,0.8543113
2025-12-22,CAT,1,0,0.26393446
2025-12-22,CVX,1,0,0.2763064
2025-12-22,GOOGL,1,0,0.08033236
2025-12-22,GS,1,1,0.5556208
2025-12-22,JNJ,1,1,0.7742009
2025-12-22,JPM,1,0,0.4343121
2025-12-22,KO,1,1,0.7067588
2025-12-22,META,1,1,0.8426221
2025-12-22,MSFT,0,1,0.77390176
2025-12-22,NVDA,1,1,0.8419113
2025-12-22,PFE,1,1,0.81524074
2025-12-22,TSLA,1,0,0.31645066
2025-12-22,UNH,0,1,0.9288454
2025-12-22,WMT,0,0,0.19492577
2025-12-22,XOM,1,1,0.5122491
2025-12-23,AAPL,1,0,0.060937226
2025-12-23,AMZN,1,1,0.5209538
2025-12-23,BA,1,0,0.04341634
2025-12-23,BAC,1,1,0.747891
2025-12-23,CAT,1,0,0.48422348
2025-12-23,CVX,1,1,0.73528963
2025-12-23,GOOGL,1,0,0.3338292
2025-12-23,GS,1,1,0.6122343
2025-12-23,JNJ,0,0,0.3723715
2025-12-23,JPM,1,1,0.7091843
2025-12-23,KO,0,0,0.16062887
2025-12-23,META,1,1,0.8649066
2025-12-23,MSFT,1,0,0.27028334
2025-12-23,NVDA,1,0,0.3254559
2025-12-23,PFE,0,1,0.5778683
2025-12-23,TSLA,0,1,0.66465837
2025-12-23,UNH,0,1,0.5257953
2025-12-23,WMT,0,1,0.63937354
2025-12-23,XOM,1,1,0.63417614
2025-12-24,AAPL,1,1,0.5782998
2025-12-24,AMZN,1,0,0.44354054
2025-12-24,BA,1,1,0.6332408
2025-12-24,BAC,1,0,0.3145926
2025-12-24,CAT,1,0,0.3262683
2025-12-24,CVX,0,0,0.4405566
2025-12-24,GOOGL,0,0,0.3294714
2025-12-24,GS,1,0,0.39427286
2025-12-24,JNJ,1,1,0.57578665
2025-12-24,JPM,1,1,0.84301805
2025-12-24,KO,1,0,0.49920797
2025-12-24,META,1,1,0.8151759
2025-12-24,MSFT,1,1,0.66413236
2025-12-24,NVDA,0,0,0.30449194
2025-12-24,PFE,1,1,0.75458944
2025-12-24,TSLA,0,1,0.85714847
2025-12-24,UNH,1,0,0.4090102
2025-12-24,WMT,1,1,0.55965346
2025-12-24,XOM,0,1,0.8822693
2025-12-26,AAPL,0,1,0.7305003
2025-12-26,AMZN,1,1,0.60587054
2025-12-26,BA,0,0,0.45783558
2025-12-26,BAC,0,1,0.52477694
2025-12-26,CAT,0,1,0.9202463
2025-12-26,CVX,0,1,0.72024786
2025-12-26,GOOGL,0,0,0.32378587
2025-12-26,GS,0,0,0.48766226
2025-12-26,JNJ,0,1,0.6875687
2025-12-26,JPM,0,0,0.492023
2025-12-26,KO,0,0,0.0429991
2025-12-26,META,0,1,0.8449242
2025-12-26,MSFT,0,1,0.53406906
2025-12-26,NVDA,1,0,0.32274252
2025-12-26,PFE,1,1,0.8233785
2025-12-26,TSLA,0,0,0.21019347
2025-12-26,UNH,1,1,0.93523914
2025-12-26,WMT,1,1,0.9482056
2025-12-26,XOM,0,0,0.42952734
2025-12-29,AAPL,1,1,0.5448886
2025-12-29,AMZN,0,0,0.2581416
2025-12-29,BA,1,1,0.7796669
2025-12-29,BAC,0,1,0.65073806
2025-12-29,CAT,0,0,0.08398762
2025-12-29,CVX,1,0,0.4100078
2025-12-29,GOOGL,1,0,0.43091863
2025-12-29,GS,0,1,0.6009621
2025-12-29,JNJ,0,0,0.39737532
2025-12-29,JPM,0,1,0.76081836
2025-12-29,KO,1,0,0.330321
2025-12-29,META,0,1,0.7586187
2025-12-29,MSFT,0,0,0.234265
2025-12-29,NVDA,0,1,0.6329545
2025-12-29,PFE,0,0,0.47152382
2025-12-29,TSLA,0,1,0.6503681
2025-12-29,UNH,0,1,0.6808764
2025-12-29,WMT,1,1,0.6164144
2025-12-29,XOM,1,0,0.33880994
2025-12-30,AAPL,0,0,0.4036067
2025-12-30,AMZN,1,1,0.7804027
2025-12-30,BA,1,1,0.5967453
2025-12-30,BAC,0,0,0.23600258
2025-12-30,CAT,0,0,0.2641354
2025-12-30,CVX,1,1,0.93016565
2025-12-30,GOOGL,1,1,0.81681
2025-12-30,GS,0,1,0.5275672
2025-12-30,JNJ,0,0,0.4844484
2025-12-30,JPM,0,1,0.8062661
2025-12-30,KO,0,0,0.1805055
2025-12-30,META,1,0,0.4781899
2025-12-30,MSFT,1,0,0.41239828
2025-12-30,NVDA,0,0,0.47990793
2025-12-30,PFE,0,1,0.9090313
2025-12-30,TSLA,0,1,0.7645745
2025-12-30,UNH,1,1,0.63198256
2025-12-30,WMT,0,1,0.65971327
2025-12-30,XOM,1,1,0.899121
2025-12-31,AAPL,0,0,0.23502104
2025-12-31,AMZN,0,1,0.7769784
2025-12-31,BA,0,1,0.5271776
2025-12-31,BAC,0,1,0.50714666
2025-12-31,CAT,0,1,0.53852946
2025-12-31,CVX,1,1,0.82548815
2025-12-31,GOOGL,0,1,0.8231515
2025-12-31,GS,0,0,0.32859305
2025-12-31,JNJ,1,0,0.11995011
2025-12-31,JPM,0,1,0.57223797
2025-12-31,KO,0,0,0.3768758
2025-12-31,META,0,1,0.7789581
2025-12-31,MSFT,0,1,0.71526134
2025-12-31,NVDA,0,1,0.68025523
2025-12-31,PFE,0,0,0.23176402
2025-12-31,TSLA,0,1,0.6155551
2025-12-31,UNH,0,1,0.7587672
2025-12-31,WMT,0,0,0.41810027
2025-12-31,XOM,0,1,0.88153946
2026-01-02,AAPL,0,1,0.85365057
2026-01-02,AMZN,0,0,0.48870555
2026-01-02,BA,1,1,0.60651404
2026-01-02,BAC,1,1,0.9261398
2026-01-02,CAT,1,0,0.39534503
2026-01-02,CVX,1,0,0.34318385
2026-01-02,GOOGL,1,1,0.7637274
2026-01-02,GS,1,1,0.81557655
2026-01-02,JNJ,1,0,0.3096362
2026-01-02,JPM,1,1,0.90312785
2026-01-02,KO,0,0,0.32118404
2026-01-02,META,0,1,0.7375818
2026-01-02,MSFT,0,1,0.8184121
2026-01-02,NVDA,1,1,0.54119045
2026-01-02,PFE,1,1,0.54813874
2026-01-02,TSLA,0,1,0.51521266
2026-01-02,UNH,1,1,0.8828572
2026-01-02,WMT,1,1,0.5596273
2026-01-02,XOM,1,1,0.8914176
2026-01-05,AAPL,0,1,0.6959895
2026-01-05,AMZN,1,1,0.6665244
2026-01-05,BA,1,0,0.3538541
2026-01-05,BAC,1,1,0.88281053
2026-01-05,CAT,1,0,0.3847957
2026-01-05,CVX,1,1,0.7568107
2026-01-05,GOOGL,1,1,0.7328248
2026-01-05,GS,1,0,0.40476698
2026-01-05,JNJ,0,1,0.7661083
2026-01-05,JPM,1,1,0.7265982
2026-01-05,KO,0,0,0.36958298
2026-01-05,META,1,1,0.87476987
2026-01-05,MSFT,0,0,0.20263205
2026-01-05,NVDA,0,1,0.529576
2026-01-05,PFE,0,1,0.8603891
2026-01-05,TSLA,1,1,0.9004387
2026-01-05,UNH,1,1,0.9117297
2026-01-05,WMT,0,0,0.21128948
2026-01-05,XOM,1,1,0.8575106
2026-01-06,AAPL,0,0,0.20075744
2026-01-06,AMZN,1,1,0.9773775
2026-01-06,BA,1,1,0.77606225
2026-01-06,BAC,1,1,0.95853525
2026-01-06,CAT,1,1,0.9093216
2026-01-06,CVX,0,1,0.70426124
2026-01-06,GOOGL,0,1,0.8707969
2026-01-06,GS,1,1,0.722589
2026-01-06,JNJ,1,1,0.7124666
2026-01-06,JPM,1,1,0.9524012
2026-01-06,KO,0,0,0.09694806
2026-01-06,META,1,0,0.27474752
2026-01-06,MSFT,1,0,0.23596345
2026-01-06,NVDA,0,1,0.7216649
2026-01-06,PFE,1,0,0.24090303
2026-01-06,TSLA,0,1,0.6351447
2026-01-06,UNH,1,1,0.76538545
2026-01-06,WMT,1,1,0.64771086
2026-01-06,XOM,0,1,0.91000193
2026-01-07,AAPL,0,0,0.38702416
2026-01-07,AMZN,1,1,0.86443806
2026-01-07,BA,0,1,0.6040372
2026-01-07,BAC,0,1,0.6456548
2026-01-07,CAT,0,1,0.5823395
2026-01-07,CVX,0,1,0.83287305
2026-01-07,GOOGL,1,1,0.5486083
2026-01-07,GS,0,0,0.268026
2026-01-07,JNJ,1,1,0.7039445
2026-01-07,JPM,0,1,0.8629084
2026-01-07,KO,0,1,0.8555195
2026-01-07,META,0,1,0.72171956
2026-01-07,MSFT,1,0,0.43961728
2026-01-07,NVDA,1,1,0.8709458
2026-01-07,PFE,0,1,0.9155611
2026-01-07,TSLA,0,0,0.48326874
2026-01-07,UNH,0,1,0.52387136
2026-01-07,WMT,0,0,0.28512877
2026-01-07,XOM,0,1,0.76798403
2026-01-08,AAPL,0,0,0.05413049
2026-01-08,AMZN,1,1,0.64394593
2026-01-08,BA,0,1,0.69055116
2026-01-08,BAC,1,0,0.29725486
2026-01-08,CAT,1,0,0.2949297
2026-01-08,CVX,1,1,0.8746117
2026-01-08,GOOGL,1,1,0.82140195
2026-01-08,GS,0,1,0.6580886
2026-01-08,JNJ,0,0,0.42120486
2026-01-08,JPM,1,0,0.38598308
2026-01-08,KO,1,0,0.25551572
2026-01-08,META,0,1,0.57286555
2026-01-08,MSFT,0,1,0.81371355
2026-01-08,NVDA,0,1,0.6679038
2026-01-08,PFE,1,1,0.62010896
2026-01-08,TSLA,1,1,0.86059654
2026-01-08,UNH,1,0,0.45459694
2026-01-08,WMT,1,1,0.5607873
2026-01-08,XOM,1,0,0.13638347
2026-01-09,AAPL,1,0,0.19657196
2026-01-09,AMZN,1,1,0.7126951
2026-01-09,BA,1,0,0.19575666
2026-01-09,BAC,0,0,0.3057156
2026-01-09,CAT,1,1,0.58892435
2026-01-09,CVX,1,1,0.81863576
2026-01-09,GOOGL,1,1,0.8335452
2026-01-09,GS,1,0,0.47278515
2026-01-09,JNJ,0,1,0.6951405
2026-01-09,JPM,0,1,0.6324306
2026-01-09,KO,1,1,0.6526825
2026-01-09,META,1,1,0.60855967
2026-01-09,MSFT,1,0,0.46776274
2026-01-09,NVDA,0,1,0.5934779
2026-01-09,PFE,1,0,0.4758231
2026-01-09,TSLA,1,1,0.52775973
2026-01-09,UNH,0,1,0.59687084
2026-01-09,WMT,1,1,0.52596253
2026-01-09,XOM,1,1,0.6585696
2026-01-12,AAPL,1,1,0.6095518
2026-01-12,AMZN,0,1,0.7287623
2026-01-12,BA,1,0,0.1458086
2026-01-12,BAC,0,0,0.27032596
2026-01-12,CAT,1,1,0.8321508
2026-01-12,CVX,1,1,0.9252216
2026-01-12,GOOGL,1,1,0.8172389
2026-01-12,GS,1,1,0.9188629
2026-01-12,JNJ,1,0,0.2636424
2026-01-12,JPM,0,1,0.8623368
2026-01-12,KO,0,1,0.6669358
2026-01-12,META,0,1,0.69091505
2026-01-12,MSFT,0,1,0.7837387
2026-01-12,NVDA,1,1,0.5616805
2026-01-12,PFE,0,1,0.861756
2026-01-12,TSLA,1,1,0.59619534
2026-01-12,UNH,0,1,0.5656256
2026-01-12,WMT,1,1,0.5028761
2026-01-12,XOM,0,1,0.7993343
2026-01-13,AAPL,1,1,0.845122
2026-01-13,AMZN,0,1,0.7879142
2026-01-13,BA,1,0,0.42959356
2026-01-13,BAC,0,1,0.66251606
2026-01-13,CAT,1,1,0.63088727
2026-01-13,CVX,1,0,0.49782038
2026-01-13,GOOGL,1,0,0.32187757
2026-01-13,GS,0,1,0.72240293
2026-01-13,JNJ,1,1,0.87281024
2026-01-13,JPM,0,0,0.4958778
2026-01-13,KO,1,1,0.61840993
2026-01-13,META,0,1,0.6675657
2026-01-13,MSFT,0,1,0.64727813
2026-01-13,NVDA,1,1,0.6226732
2026-01-13,PFE,0,1,0.94081557
2026-01-13,TSLA,0,0,0.3357209
2026-01-13,UNH,0,1,0.59763545
2026-01-13,WMT,1,0,0.22670764
2026-01-13,XOM,1,1,0.886684
2026-01-14,AAPL,0,1,0.53226167
2026-01-14,AMZN,0,1,0.89327955
2026-01-14,BA,0,1,0.8991348
2026-01-14,BAC,0,1,0.5994687
2026-01-14,CAT,1,1,0.84413785
2026-01-14,CVX,1,1,0.64128655
2026-01-14,GOOGL,0,0,0.3181279
2026-01-14,GS,0,1,0.56152123
2026-01-14,JNJ,1,1,0.92679167
2026-01-14,JPM,0,1,0.5558989
2026-01-14,KO,1,0,0.116854414
2026-01-14,META,0,1,0.5111999
2026-01-14,MSFT,0,0,0.23935741
2026-01-14,NVDA,0,0,0.4898331
2026-01-14,PFE,1,0,0.38684
2026-01-14,TSLA,0,1,0.71548635
2026-01-14,UNH,1,0,0.2963605
2026-01-14,WMT,0,1,0.62068254
2026-01-14,XOM,1,1,0.9579237
2026-01-15,AAPL,0,1,0.5103948
2026-01-15,AMZN,1,1,0.64334387
2026-01-15,BA,1,1,0.8530225
2026-01-15,BAC,1,1,0.5166855
2026-01-15,CAT,1,1,0.64491636
2026-01-15,CVX,0,1,0.67013824
2026-01-15,GOOGL,0,1,0.6939124
2026-01-15,GS,1,1,0.7092654
2026-01-15,JNJ,1,1,0.7558538
2026-01-15,JPM,1,1,0.6691204
2026-01-15,KO,0,0,0.41298136
2026-01-15,META,1,1,0.82113665
2026-01-15,MSFT,0,0,0.31806684
2026-01-15,NVDA,1,1,0.57680714
2026-01-15,PFE,1,0,0.48015338
2026-01-15,TSLA,0,1,0.6010368
2026-01-15,UNH,1,1,0.87969923
2026-01-15,WMT,0,0,0.4313204
2026-01-15,XOM,0,1,0.63051915
2026-01-16,AAPL,0,0,0.19847243
2026-01-16,AMZN,1,1,0.82327753
2026-01-16,BA,0,0,0.15852046
2026-01-16,BAC,1,1,0.9133015
2026-01-16,CAT,0,0,0.18846154
2026-01-16,CVX,1,1,0.9137529
2026-01-16,GOOGL,0,0,0.4487796
2026-01-16,GS,0,1,0.51165414
2026-01-16,JNJ,0,1,0.801635
2026-01-16,JPM,1,1,0.687362
2026-01-16,KO,0,1,0.6696681
2026-01-16,META,0,1,0.8686778
2026-01-16,MSFT,1,0,0.32890728
2026-01-16,NVDA,0,1,0.7579708
2026-01-16,PFE,0,1,0.6304704
2026-01-16,TSLA,0,1,0.74434334
2026-01-16,UNH,0,1,0.63878703
2026-01-16,WMT,1,1,0.94606
2026-01-16,XOM,1,1,0.95586675
2026-01-20,AAPL,0,1,0.5086895
2026-01-20,AMZN,0,1,0.6958334
2026-01-20,BA,1,1,0.73333514
2026-01-20,BAC,0,1,0.8561679
2026-01-20,CAT,0,0,0.37359697
2026-01-20,CVX,0,1,0.6027078
2026-01-20,GOOGL,0,0,0.17141613
2026-01-20,GS,0,0,0.4815002
2026-01-20,JNJ,0,1,0.96817666
2026-01-20,JPM,0,1,0.91072917
2026-01-20,KO,1,1,0.8357724
2026-01-20,META,0,1,0.73449004
2026-01-20,MSFT,0,1,0.6822241
2026-01-20,NVDA,0,0,0.46776378
2026-01-20,PFE,0,1,0.82141703
2026-01-20,TSLA,0,1,0.87865627
2026-01-20,UNH,1,0,0.44572386
2026-01-20,WMT,0,0,0.19279015
2026-01-20,XOM,1,1,0.959106
2026-01-21,AAPL,1,0,0.45275438
2026-01-21,AMZN,1,1,0.852567
2026-01-21,BA,1,1,0.61921
2026-01-21,BAC,0,1,0.67438895
2026-01-21,CAT,1,1,0.77156335
2026-01-21,CVX,1,1,0.6554157
2026-01-21,GOOGL,1,1,0.68714744
2026-01-21,GS,1,0,0.34947687
2026-01-21,JNJ,0,1,0.9203427
2026-01-21,JPM,0,1,0.7502164
2026-01-21,KO,1,0,0.4908828
2026-01-21,META,1,1,0.8553972
2026-01-21,MSFT,0,0,0.48720047
2026-01-21,NVDA,1,1,0.9033092
2026-01-21,PFE,1,1,0.7593192
2026-01-21,TSLA,1,1,0.5257502
2026-01-21,UNH,1,1,0.78374165
2026-01-21,WMT,1,1,0.6718738
2026-01-21,XOM,1,1,0.5922302
2026-01-22,AAPL,1,1,0.59658134
2026-01-22,AMZN,1,1,0.5525393
2026-01-22,BA,1,0,0.40288547
2026-01-22,BAC,1,1,0.63033336
2026-01-22,CAT,1,0,0.20733346
2026-01-22,CVX,0,1,0.7850723
2026-01-22,GOOGL,1,1,0.78026754
2026-01-22,GS,1,0,0.46473736
2026-01-22,JNJ,1,1,0.82586586
2026-01-22,JPM,1,1,0.62797254
2026-01-22,KO,0,0,0.46434727
2026-01-22,META,1,1,0.6173224
2026-01-22,MSFT,1,1,0.61168545
2026-01-22,NVDA,1,1,0.80836785
2026-01-22,PFE,1,1,0.7261926
2026-01-22,TSLA,1,1,0.85583454
2026-01-22,UNH,1,1,0.64980745
2026-01-22,WMT,0,1,0.6299477
2026-01-22,XOM,1,1,0.84413844
2026-01-23,AAPL,0,0,0.3985711
2026-01-23,AMZN,1,1,0.6217806
2026-01-23,BA,1,0,0.24371064
2026-01-23,BAC,0,1,0.8773262
2026-01-23,CAT,0,0,0.3270702
2026-01-23,CVX,1,1,0.65983
2026-01-23,GOOGL,0,0,0.48225206
2026-01-23,GS,0,1,0.5271982
2026-01-23,JNJ,1,1,0.80300915
2026-01-23,JPM,0,1,0.5892758
2026-01-23,KO,1,0,0.15659152
2026-01-23,META,1,0,0.48847497
2026-01-23,MSFT,1,1,0.79973537
2026-01-23,NVDA,1,1,0.59487647
2026-01-23,PFE,0,0,0.45277902
2026-01-23,TSLA,0,1,0.7414083
2026-01-23,UNH,1,1,0.68564373
2026-01-23,WMT,0,0,0.20367327
2026-01-23,XOM,1,1,0.606724
2026-01-26,AAPL,1,1,0.62265503
2026-01-26,AMZN,0,1,0.7613814
2026-01-26,BA,0,0,0.2040816
2026-01-26,BAC,1,1,0.8643163
2026-01-26,CAT,1,0,0.3091918
2026-01-26,CVX,1,1,0.7094356
2026-01-26,GOOGL,1,1,0.6955609
2026-01-26,GS,1,0,0.16026872
2026-01-26,JNJ,1,1,0.9412382
2026-01-26,JPM,1,1,0.8241759
2026-01-26,KO,0,1,0.7273104
2026-01-26,META,1,1,0.6041045
2026-01-26,MSFT,1,1,0.8031798
2026-01-26,NVDA,0,1,0.8124566
2026-01-26,PFE,1,0,0.13481031
2026-01-26,TSLA,0,0,0.43958798
2026-01-26,UNH,0,0,0.4759556
2026-01-26,WMT,0,1,0.6651483
2026-01-26,XOM,0,1,0.77116245
2026-01-27,AAPL,1,1,0.75357693
2026-01-27,AMZN,1,1,0.67880756
2026-01-27,BA,0,1,0.6196661
2026-01-27,BAC,1,1,0.9493051
2026-01-27,CAT,1,1,0.75787574
2026-01-27,CVX,1,0,0.3885977
2026-01-27,GOOGL,1,0,0.46266282
2026-01-27,GS,0,1,0.6978683
2026-01-27,JNJ,1,1,0.7939764
2026-01-27,JPM,0,1,0.77220774
2026-01-27,KO,1,1,0.90987086
2026-01-27,META,1,0,0.17115672
2026-01-27,MSFT,1,1,0.8054207
2026-01-27,NVDA,1,1,0.8427362
2026-01-27,PFE,1,1,0.5340271
2026-01-27,TSLA,0,1,0.5550926
2026-01-27,UNH,0,1,0.6095876
2026-01-27,WMT,0,1,0.52303565
2026-01-27,XOM,1,1,0.6213567
2026-01-28,AAPL,0,1,0.5269417
2026-01-28,AMZN,0,1,0.8362178
2026-01-28,BA,0,1,0.9210905
2026-01-28,BAC,0,1,0.8255114
2026-01-28,CAT,1,1,0.5663311
2026-01-28,CVX,1,0,0.3075465
2026-01-28,GOOGL,1,1,0.67842966
2026-01-28,GS,1,0,0.25540456
2026-01-28,JNJ,1,0,0.28001302
2026-01-28,JPM,1,1,0.8043097
2026-01-28,KO,0,1,0.6993713
2026-01-28,META,0,1,0.5280041
2026-01-28,MSFT,1,1,0.87839013
2026-01-28,NVDA,1,1,0.8261962
2026-01-28,PFE,0,1,0.6739589
2026-01-28,TSLA,1,1,0.97375715
2026-01-28,UNH,1,0,0.16564658
2026-01-28,WMT,0,1,0.6360259
2026-01-28,XOM,1,1,0.59355867
2026-01-29,AAPL,1,0,0.33938545
2026-01-29,AMZN,0,1,0.8365891
2026-01-29,BA,0,1,0.5812467
2026-01-29,BAC,1,1,0.9271152
2026-01-29,CAT,1,1,0.5711412
2026-01-29,CVX,1,1,0.56844276
2026-01-29,GOOGL,1,0,0.46469644
2026-01-29,GS,1,1,0.5408911
2026-01-29,JNJ,0,1,0.8952659
2026-01-29,JPM,1,1,0.8834124
2026-01-29,KO,1,1,0.6903779
2026-01-29,META,1,1,0.55397177
2026-01-29,MSFT,0,1,0.59779656
2026-01-29,NVDA,1,1,0.90132564
2026-01-29,PFE,1,0,0.46107274
2026-01-29,TSLA,0,1,0.6033756
2026-01-29,UNH,0,1,0.59907055
2026-01-29,WMT,1,0,0.33735013
2026-01-29,XOM,1,1,0.9243902
2026-01-30,AAPL,1,1,0.7385167
2026-01-30,AMZN,0,1,0.5651357
2026-01-30,BA,0,1,0.55129623
2026-01-30,BAC,1,0,0.32841223
2026-01-30,CAT,0,0,0.32220367
2026-01-30,CVX,1,0,0.3403823
2026-01-30,GOOGL,0,1,0.78718406
2026-01-30,GS,0,1,0.6129036
2026-01-30,JNJ,0,1,0.8397233
2026-01-30,JPM,0,1,0.63044155
2026-01-30,KO,1,1,0.7802188
2026-01-30,META,0,0,0.23753445
2026-01-30,MSFT,0,0,0.36097926
2026-01-30,NVDA,0,1,0.6164268
2026-01-30,PFE,1,0,0.43462434
2026-01-30,TSLA,1,1,0.81934345
2026-01-30,UNH,0,1,0.806322
2026-01-30,WMT,1,1,0.82307494
2026-01-30,XOM,1,1,0.82370317
2026-02-02,AAPL,1,0,0.40395886
2026-02-02,AMZN,1,1,0.5424679
2026-02-02,BA,0,0,0.4783061
2026-02-02,BAC,1,1,0.841129
2026-02-02,CAT,1,1,0.7986653
2026-02-02,CVX,0,0,0.14156838
2026-02-02,GOOGL,1,1,0.7272126
2026-02-02,GS,1,1,0.753882
2026-02-02,JNJ,1,1,0.6231507
2026-02-02,JPM,1,0,0.3686435
2026-02-02,KO,1,1,0.58598286
2026-02-02,META,0,1,0.66349894
2026-02-02,MSFT,0,1,0.87921983
2026-02-02,NVDA,0,1,0.55181724
2026-02-02,PFE,1,0,0.45673323
2026-02-02,TSLA,0,1,0.6162711
2026-02-02,UNH,0,1,0.8102679
2026-02-02,WMT,1,0,0.19333155
2026-02-02,XOM,0,0,0.37169996
2026-02-03,AAPL,0,0,0.22212012
2026-02-03,AMZN,0,1,0.88890076
2026-02-03,BA,1,1,0.51448166
2026-02-03,BAC,1,1,0.85785973
2026-02-03,CAT,1,0,0.44668052
2026-02-03,CVX,1,0,0.49871147
2026-02-03,GOOGL,0,1,0.88717335
2026-02-03,GS,0,1,0.6304935
2026-02-03,JNJ,1,1,0.9002565
2026-02-03,JPM,1,1,0.7382682
2026-02-03,KO,1,1,0.7282086
2026-02-03,META,0,1,0.6406983
2026-02-03,MSFT,0,0,0.32706636
2026-02-03,NVDA,0,0,0.40591207
2026-02-03,PFE,0,1,0.8874414
2026-02-03,TSLA,1,0,0.39385864
2026-02-03,UNH,0,0,0.22895958
2026-02-03,WMT,1,0,0.48272714
2026-02-03,XOM,1,1,0.79828256
2026-02-04,AAPL,1,0,0.19628906
2026-02-04,AMZN,0,0,0.27220008
2026-02-04,BA,1,1,0.56210136
2026-02-04,BAC,1,1,0.89823157
2026-02-04,CAT,0,1,0.5613556
2026-02-04,CVX,1,1,0.89229035
2026-02-04,GOOGL,0,1,0.80257446
2026-02-04,GS,0,0,0.495964
2026-02-04,JNJ,1,1,0.64634573
2026-02-04,JPM,1,1,0.7366867
2026-02-04,KO,1,1,0.587094
2026-02-04,META,0,0,0.2279896
2026-02-04,MSFT,1,1,0.7573801
2026-02-04,NVDA,0,1,0.72778505
2026-02-04,PFE,1,1,0.8314663
2026-02-04,TSLA,0,1,0.9239959
2026-02-04,UNH,0,1,0.7912467
2026-02-04,WMT,1,0,0.4960338
2026-02-04,XOM,1,0,0.28824586
2026-02-05,AAPL,0,1,0.9635848
2026-02-05,AMZN,0,0,0.42969996
2026-02-05,BA,1,1,0.8194684
2026-02-05,BAC,0,0,0.40205953
2026-02-05,CAT,0,1,0.85494643
2026-02-05,CVX,0,0,0.2522023
2026-02-05,GOOGL,0,1,0.5132847
2026-02-05,GS,0,1,0.55748916
2026-02-05,JNJ,1,1,0.7741811
2026-02-05,JPM,0,1,0.5639009
2026-02-05,KO,1,1,0.8248813
2026-02-05,META,1,1,0.6281277
2026-02-05,MSFT,0,0,0.38608927
2026-02-05,NVDA,0,1,0.82598436
2026-02-05,PFE,0,0,0.2777776
2026-02-05,TSLA,0,1,0.9375805
2026-02-05,UNH,0,1,0.9393563
2026-02-05,WMT,0,0,0.11471898
2026-02-05,XOM,0,1,0.6167575
2026-02-06,AAPL,1,1,0.666409
2026-02-06,AMZN,0,0,0.49778152
2026-02-06,BA,1,1,0.91666853
2026-02-06,BAC,1,1,0.6699914
2026-02-06,CAT,1,1,0.69585586
2026-02-06,CVX,1,1,0.9230034
2026-02-06,GOOGL,0,1,0.66938114
2026-02-06,GS,1,0,0.4846841
2026-02-06,JNJ,1,1,0.67812115
2026-02-06,JPM,1,1,0.8783637
2026-02-06,KO,1,1,0.7165198
2026-02-06,META,0,1,0.73355854
2026-02-06,MSFT,1,1,0.8735116
2026-02-06,NVDA,1,1,0.86474746
2026-02-06,PFE,1,0,0.45275062
2026-02-06,TSLA,1,1,0.87658423
2026-02-06,UNH,1,1,0.7748387
2026-02-06,WMT,1,1,0.7349106
2026-02-06,XOM,1,1,0.51871306
2026-02-09,AAPL,0,1,0.7989356
2026-02-09,AMZN,0,0,0.41128296
2026-02-09,BA,1,1,0.9054976
2026-02-09,BAC,0,1,0.6002988
2026-02-09,CAT,1,1,0.6651653
2026-02-09,CVX,1,1,0.66610044
2026-02-09,GOOGL,1,0,0.3099802
2026-02-09,GS,1,1,0.5044965
2026-02-09,JNJ,0,1,0.75716984
2026-02-09,JPM,0,1,0.63458663
2026-02-09,KO,0,1,0.9188523
2026-02-09,META,1,1,0.6221557
2026-02-09,MSFT,1,1,0.739065
2026-02-09,NVDA,1,0,0.30763003
2026-02-09,PFE,0,0,0.19871733
2026-02-09,TSLA,1,1,0.58941066
2026-02-09,UNH,0,1,0.5998162
2026-02-09,WMT,0,1,0.8679156
2026-02-09,XOM,1,1,0.7494706
2026-02-10,AAPL,0,1,0.6872128
2026-02-10,AMZN,0,0,0.07601594
2026-02-10,BA,0,1,0.80592144
2026-02-10,BAC,0,1,0.9336854
2026-02-10,CAT,1,0,0.12519361
2026-02-10,CVX,0,0,0.22018667
2026-02-10,GOOGL,0,0,0.46040633
2026-02-10,GS,1,1,0.7965441
2026-02-10,JNJ,0,0,0.4754582
2026-02-10,JPM,0,1,0.53470165
2026-02-10,KO,0,0,0.27401417
2026-02-10,META,0,1,0.78997874
2026-02-10,MSFT,0,1,0.67117554
2026-02-10,NVDA,0,1,0.8681119
2026-02-10,PFE,1,1,0.54436785
2026-02-10,TSLA,1,1,0.5341532
2026-02-10,UNH,0,1,0.592444
2026-02-10,WMT,0,1,0.78195715
2026-02-10,XOM,1,1,0.5076182
2026-02-11,AAPL,1,0,0.11161751
2026-02-11,AMZN,0,0,0.26436976
2026-02-11,BA,0,1,0.6738412
2026-02-11,BAC,0,0,0.37864733
2026-02-11,CAT,1,1,0.6295799
2026-02-11,CVX,1,1,0.6803882
2026-02-11,GOOGL,0,0,0.20715931
2026-02-11,GS,0,1,0.66300184
2026-02-11,JNJ,1,0,0.45200163
2026-02-11,JPM,0,0,0.3017907
2026-02-11,KO,1,0,0.42066073
2026-02-11,META,0,1,0.65790343
2026-02-11,MSFT,0,1,0.7663995
2026-02-11,NVDA,1,0,0.32595608
2026-02-11,PFE,1,0,0.15295932
2026-02-11,TSLA,1,1,0.6523162
2026-02-11,UNH,1,1,0.8774289
2026-02-11,WMT,1,0,0.42012647
2026-02-11,XOM,1,1,0.76426494
2026-02-12,AAPL,0,1,0.60257757
2026-02-12,AMZN,0,1,0.82791823
2026-02-12,BA,1,0,0.32607156
2026-02-12,BAC,0,1,0.79213166
2026-02-12,CAT,0,0,0.26025882
2026-02-12,CVX,0,1,0.87591773
2026-02-12,GOOGL,0,0,0.2381099
2026-02-12,GS,0,1,0.8449701
2026-02-12,JNJ,1,1,0.69889444
2026-02-12,JPM,0,1,0.6893073
2026-02-12,KO,1,0,0.22361498
2026-02-12,META,0,1,0.757789
2026-02-12,MSFT,0,1,0.6871882
2026-02-12,NVDA,0,0,0.35417482
2026-02-12,PFE,0,0,0.46161196
2026-02-12,TSLA,0,1,0.61770034
2026-02-12,UNH,1,0,0.43669266
2026-02-12,WMT,1,0,0.3361392
2026-02-12,XOM,0,1,0.9388559
